timestamp,open,high,low,close,volume,close_time,quote_volume,trades,taker_buy_base,taker_buy_quote,ignore,symbol,range,change
2026-02-07 11:00:00,0.00993,0.00999,0.00984,0.00998,16000101,1770465599999,158654.64109,2125,7714383,76554.0445800,0,4USDT,0.00015000000000000083,0.5
2026-02-07 12:00:00,0.00998,0.01045,0.00995,0.01026,47902415,1770469199999,489897.11489,5550,28287613,289258.7985500,0,4USDT,0.0004999999999999987,2.81
2026-02-07 13:00:00,0.01025,0.0103,0.01008,0.01015,13736653,1770472799999,139804.31816,1967,5716656,58285.5806500,0,4USDT,0.0002199999999999997,-0.98
2026-02-07 14:00:00,0.01016,0.01017,0.00989,0.00993,21473800,1770476399999,214678.11192,2295,8335655,83322.3864400,0,4USDT,0.00028000000000000073,-2.26
2026-02-07 15:00:00,0.00993,0.01019,0.0099,0.01013,19177003,1770479999999,192818.4439,2241,10507987,105672.5337500,0,4USDT,0.0002899999999999986,2.01
2026-02-07 16:00:00,0.01013,0.01049,0.01008,0.0102,122796981,1770483599999,1270160.36819,9604,62939293,651250.1526400,0,4USDT,0.0004099999999999989,0.69
2026-02-07 17:00:00,0.0102,0.01024,0.01008,0.01016,18705500,1770487199999,190023.58495,2093,7152417,72734.5992400,0,4USDT,0.00016000000000000042,-0.39
2026-02-07 18:00:00,0.01016,0.01026,0.00995,0.01013,27090380,1770490799999,273852.35573,2480,12918864,130820.1746400,0,4USDT,0.0003099999999999995,-0.3
2026-02-07 19:00:00,0.01013,0.01013,0.00999,0.01002,14052696,1770494399999,141442.07262,1618,4493504,45218.3349500,0,4USDT,0.0001399999999999995,-1.09
2026-02-07 20:00:00,0.01002,0.01011,0.01001,0.01009,6184385,1770497999999,62207.09986,1030,3364332,33853.0326700,0,4USDT,9.99999999999994e-05,0.7
2026-02-07 21:00:00,0.01008,0.01011,0.01002,0.01006,6578513,1770501599999,66200.19134,1066,2619677,26376.2666500,0,4USDT,8.99999999999998e-05,-0.2
2026-02-07 22:00:00,0.01006,0.01017,0.01004,0.01011,5343934,1770505199999,53984.1403,902,2671788,26993.0779000,0,4USDT,0.0001299999999999999,0.5
2026-02-07 23:00:00,0.01011,0.01013,0.01002,0.01007,7134554,1770508799999,71883.86542,1328,3702566,37284.2712800,0,4USDT,0.00011000000000000072,-0.4
2026-02-08 00:00:00,0.01007,0.01012,0.00993,0.01004,8869098,1770512399999,88737.85881,1374,3816839,38214.6005700,0,4USDT,0.00019000000000000093,-0.3
2026-02-08 01:00:00,0.01003,0.01017,0.00999,0.01013,10594279,1770515999999,106916.04466,1375,5269418,53217.2525400,0,4USDT,0.0001799999999999996,1.0
2026-02-08 02:00:00,0.01013,0.01018,0.00986,0.00988,11694891,1770519599999,116637.61534,1862,5013369,49971.2201100,0,4USDT,0.0003199999999999991,-2.47
2026-02-08 03:00:00,0.0099,0.00997,0.0096,0.00966,43624198,1770523199999,425075.30905,4800,16277361,158735.4436100,0,4USDT,0.00037000000000000054,-2.42
2026-02-08 04:00:00,0.00965,0.00976,0.00962,0.00973,10438548,1770526799999,101219.26264,1913,5125716,49704.3000300,0,4USDT,0.0001399999999999995,0.83
2026-02-08 05:00:00,0.00974,0.00978,0.00964,0.0097,9289612,1770530399999,90240.27293,1495,3423844,33281.2359200,0,4USDT,0.00014000000000000123,-0.41
2026-02-08 06:00:00,0.0097,0.00979,0.00969,0.0097,5690366,1770533999999,55401.0012,1136,3340564,32533.2035900,0,4USDT,9.99999999999994e-05,0.0
2026-02-08 07:00:00,0.0097,0.00979,0.00962,0.00976,15359810,1770537599999,149026.37275,1856,8099422,78594.0966000,0,4USDT,0.00017,0.62
2026-02-08 08:00:00,0.00977,0.00988,0.00964,0.00981,25187404,1770541199999,246182.65307,3038,13864891,135706.2598600,0,4USDT,0.00024000000000000063,0.41
2026-02-08 09:00:00,0.0098,0.00995,0.00975,0.00985,19323690,1770544799999,190384.83586,2318,9881344,97403.6426700,0,4USDT,0.00020000000000000052,0.51
2026-02-08 10:00:00,0.00985,0.00994,0.00973,0.00982,19083573,1770548399999,187784.05692,1974,7848550,77200.6474700,0,4USDT,0.00020999999999999838,-0.3
2026-02-08 11:00:00,0.00982,0.01002,0.00981,0.00991,18025845,1770551999999,178935.24895,1886,10471338,103994.5473400,0,4USDT,0.00021000000000000012,0.92
2026-02-08 12:00:00,0.00991,0.00998,0.00984,0.00995,6943805,1770555599999,68878.93067,1160,3835844,38055.9036600,0,4USDT,0.0001399999999999995,0.4
2026-02-08 13:00:00,0.00996,0.01,0.0098,0.00994,12628111,1770559199999,125101.54978,1833,6689366,66322.8882700,0,4USDT,0.00020000000000000052,-0.2
2026-02-08 14:00:00,0.00995,0.01008,0.00986,0.00992,14098724,1770562799999,140628.31464,1950,5956369,59527.0156300,0,4USDT,0.0002199999999999997,-0.3
2026-02-08 15:00:00,0.00993,0.01001,0.00975,0.00985,18204571,1770566399999,179856.26565,2003,8840207,87432.6059500,0,4USDT,0.0002599999999999998,-0.81
2026-02-08 16:00:00,0.00983,0.00989,0.00951,0.0096,26821081,1770569999999,258773.50691,2460,11765929,113632.4663000,0,4USDT,0.00038000000000000013,-2.34
2026-02-08 17:00:00,0.00961,0.00969,0.00957,0.00968,9482699,1770573599999,91291.03162,1505,4481655,43162.0579900,0,4USDT,0.00012000000000000031,0.73
2026-02-08 18:00:00,0.00969,0.00994,0.00965,0.00987,8086389,1770577199999,79146.83884,1460,3954817,38698.8278200,0,4USDT,0.0002899999999999986,1.86
2026-02-08 19:00:00,0.00987,0.00994,0.00983,0.00988,4000722,1770580799999,39549.74102,919,1992099,19695.4653200,0,4USDT,0.00010999999999999899,0.1
2026-02-08 20:00:00,0.00988,0.00989,0.00977,0.00978,5731901,1770584399999,56212.84076,861,2993857,29353.6650300,0,4USDT,0.00012000000000000031,-1.01
2026-02-08 21:00:00,0.00978,0.00983,0.00956,0.00967,21483581,1770587999999,207137.24571,2068,13240197,127555.7438400,0,4USDT,0.0002699999999999994,-1.12
2026-02-08 22:00:00,0.00966,0.00974,0.00962,0.0097,3766594,1770591599999,36478.46772,940,1667299,16156.2431500,0,4USDT,0.00012000000000000031,0.41
2026-02-08 23:00:00,0.00972,0.01,0.00961,0.00971,14769038,1770595199999,144213.1352,2482,7411546,72395.8328800,0,4USDT,0.0003899999999999997,-0.1
2026-02-09 00:00:00,0.00971,0.00976,0.00962,0.00974,5248358,1770598799999,50909.29791,1214,2450103,23775.4486900,0,4USDT,0.0001399999999999995,0.31
2026-02-09 01:00:00,0.00974,0.00987,0.00966,0.00979,9251558,1770602399999,90416.42076,1610,4728812,46215.4343300,0,4USDT,0.00021000000000000012,0.51
2026-02-09 02:00:00,0.00978,0.00988,0.00971,0.0098,6735715,1770605999999,65960.1988,1086,3744734,36682.1704700,0,4USDT,0.00017,0.2
2026-02-09 03:00:00,0.0098,0.00998,0.00978,0.00987,6832928,1770609599999,67474.0887,1266,3757537,37103.5961000,0,4USDT,0.0001999999999999988,0.71
2026-02-09 04:00:00,0.00987,0.0099,0.00966,0.00971,7473011,1770613199999,73156.47279,1321,4127380,40460.2439200,0,4USDT,0.00024000000000000063,-1.62
2026-02-09 05:00:00,0.0097,0.00975,0.00962,0.00969,7764942,1770616799999,75167.56036,1099,2859726,27725.5994700,0,4USDT,0.0001299999999999999,-0.1
2026-02-09 06:00:00,0.00969,0.00973,0.00954,0.00968,18496242,1770620399999,178166.32212,2025,7930296,76342.7378800,0,4USDT,0.00019000000000000093,-0.1
2026-02-09 07:00:00,0.00968,0.00977,0.00956,0.00963,9728610,1770623999999,93910.58656,1244,4107456,39655.4804300,0,4USDT,0.00020999999999999838,-0.52
2026-02-09 08:00:00,0.00963,0.00967,0.00929,0.00938,26195711,1770627599999,247112.92991,2776,10989435,103717.3265200,0,4USDT,0.00038000000000000013,-2.6
2026-02-09 09:00:00,0.00938,0.00942,0.00868,0.00906,132476572,1770631199999,1189438.87357,9571,68753193,615996.4226300,0,4USDT,0.0007399999999999993,-3.41
2026-02-09 10:00:00,0.00906,0.00915,0.00888,0.00902,35833925,1770634799999,322575.81865,4117,16023899,144374.9367600,0,4USDT,0.0002699999999999994,-0.44
2026-02-09 11:00:00,0.00902,0.00915,0.00901,0.00911,17820737,1770638399999,161973.72174,2178,9636999,87646.0225000,0,4USDT,0.0001399999999999995,1.0
2026-02-09 12:00:00,0.0091,0.00924,0.0091,0.00918,13998168,1770641999999,128500.16509,2224,6654378,61113.3308900,0,4USDT,0.0001399999999999995,0.88
2026-02-09 13:00:00,0.00918,0.00923,0.00905,0.00907,7338655,1770645599999,67003.71536,1388,2588199,23673.7094700,0,4USDT,0.0001799999999999996,-1.2
2026-02-09 14:00:00,0.00906,0.00934,0.00901,0.0093,18386355,1770649199999,169120.80681,2634,8625093,79439.4599400,0,4USDT,0.0003299999999999987,2.65
2026-02-09 15:00:00,0.0093,0.00939,0.00921,0.00935,13540437,1770652799999,126086.37445,2196,6078631,56615.2127500,0,4USDT,0.00018000000000000134,0.54
2026-02-09 16:00:00,0.00934,0.00947,0.00922,0.00939,13022425,1770656399999,121749.60021,1900,6777998,63414.9445100,0,4USDT,0.0002499999999999985,0.54
2026-02-09 17:00:00,0.0094,0.00951,0.00932,0.00943,15337020,1770659999999,144404.25156,2101,6720022,63324.8328900,0,4USDT,0.0001899999999999992,0.32
2026-02-09 18:00:00,0.00941,0.00951,0.00931,0.00947,11286490,1770663599999,106244.57462,1718,5717543,53843.0488700,0,4USDT,0.0001999999999999988,0.64
2026-02-09 19:00:00,0.00948,0.0096,0.00944,0.00959,10173959,1770667199999,96997.88419,1528,5812242,55412.8199100,0,4USDT,0.00015999999999999868,1.16
2026-02-09 20:00:00,0.00959,0.00962,0.00949,0.00959,12472895,1770670799999,119249.41024,1858,6291097,60176.8501700,0,4USDT,0.0001299999999999999,0.0
2026-02-09 21:00:00,0.0096,0.00961,0.00941,0.00956,6840465,1770674399999,65053.95334,1358,2818165,26850.6635200,0,4USDT,0.00020000000000000052,-0.42
2026-02-09 22:00:00,0.00957,0.00962,0.00948,0.00954,8319105,1770677999999,79347.60706,1387,3792536,36172.9424200,0,4USDT,0.0001399999999999995,-0.31
2026-02-09 23:00:00,0.00953,0.00957,0.00943,0.0095,10339406,1770681599999,98132.0771,1736,5442255,51656.2649100,0,4USDT,0.00014000000000000123,-0.31
2026-02-10 00:00:00,0.0095,0.00957,0.00944,0.00948,4622319,1770685199999,43894.66955,922,2179778,20707.5807400,0,4USDT,0.0001299999999999999,-0.21
2026-02-10 01:00:00,0.00949,0.00965,0.00946,0.00963,7593681,1770688799999,72881.3355,1250,3957693,38013.0767200,0,4USDT,0.00019000000000000093,1.48
2026-02-10 02:00:00,0.00963,0.00964,0.0095,0.00955,6020561,1770692399999,57452.9512,2559,3668774,35000.6459700,0,4USDT,0.0001399999999999995,-0.83
2026-02-10 03:00:00,0.00955,0.00957,0.00929,0.00935,21866470,1770695999999,205066.35907,4219,9293904,87261.8903900,0,4USDT,0.00028000000000000073,-2.09
2026-02-10 04:00:00,0.00935,0.00949,0.00932,0.00941,7790797,1770699599999,73253.19681,1358,4041917,38043.6629200,0,4USDT,0.00017,0.64
2026-02-10 05:00:00,0.00942,0.00946,0.00928,0.00932,9717377,1770703199999,91100.11953,1623,5643486,52903.5767200,0,4USDT,0.0001799999999999996,-1.06
2026-02-10 06:00:00,0.00931,0.00934,0.00902,0.00911,19575562,1770706799999,179896.26935,2264,8249324,75863.3874700,0,4USDT,0.0003199999999999991,-2.15
2026-02-10 07:00:00,0.00911,0.00925,0.0091,0.00915,10969499,1770710399999,100643.70819,1445,4942553,45319.6403900,0,4USDT,0.0001499999999999991,0.44
2026-02-10 08:00:00,0.00915,0.00939,0.00915,0.00937,21440765,1770713999999,199194.64559,2948,12502659,116209.5902300,0,4USDT,0.00024000000000000063,2.4
2026-02-10 09:00:00,0.00937,0.01139,0.00936,0.0098,937028044,1770717599999,9742585.8708,91915,461828809,4808891.6465300,0,4USDT,0.0020300000000000006,4.59
2026-02-10 10:00:00,0.0098,0.01008,0.00949,0.00966,115316641,1770721199999,1126633.58789,12752,56406403,551982.1313900,0,4USDT,0.0005900000000000002,-1.43
2026-02-10 11:00:00,0.00964,0.00967,0.00937,0.00955,46819358,1770724799999,445815.7566,5662,21188422,201959.2013900,0,4USDT,0.0002999999999999999,-0.93
2026-02-10 12:00:00,0.00956,0.00988,0.00948,0.00973,44490582,1770728399999,430806.98685,5756,23620995,228756.9587700,0,4USDT,0.0003999999999999993,1.78
2026-02-10 13:00:00,0.00974,0.00986,0.00932,0.00944,76521740,1770731999999,727443.22182,8515,34916998,331805.0932400,0,4USDT,0.0005400000000000005,-3.08
2026-02-10 14:00:00,0.00943,0.00995,0.0094,0.0097,75589168,1770735599999,734823.32157,8891,38329652,372529.6008800,0,4USDT,0.0005500000000000001,2.86
2026-02-10 15:00:00,0.00969,0.01006,0.00965,0.00993,38978734,1770739199999,384491.39371,4796,19398705,191552.1254700,0,4USDT,0.0004099999999999989,2.48
2026-02-10 16:00:00,0.00994,0.01005,0.00949,0.00975,43295025,1770742799999,423900.21524,5235,17135596,168184.1219100,0,4USDT,0.0005599999999999997,-1.91
2026-02-10 17:00:00,0.00974,0.00977,0.00957,0.00972,17446592,1770746399999,168878.19929,2597,7248729,70267.5307000,0,4USDT,0.0001999999999999988,-0.21
2026-02-10 18:00:00,0.00972,0.00981,0.00931,0.00951,47726365,1770749999999,455727.46635,7216,20435790,195213.8484900,0,4USDT,0.0004999999999999987,-2.16
2026-02-10 19:00:00,0.00951,0.00968,0.00949,0.0096,11594085,1770753599999,111199.33276,2197,5641560,54093.1787400,0,4USDT,0.0001899999999999992,0.95
2026-02-10 20:00:00,0.00959,0.00961,0.00953,0.00956,5064697,1770757199999,48434.89862,1170,2412357,23073.6383300,0,4USDT,8.000000000000021e-05,-0.31
2026-02-10 21:00:00,0.00956,0.00969,0.00955,0.00965,10289861,1770760799999,99047.67666,1622,4343658,41822.6451300,0,4USDT,0.00014000000000000123,0.94
2026-02-10 22:00:00,0.00965,0.0097,0.0095,0.00968,10467192,1770764399999,100644.693,1759,5108074,49123.4894700,0,4USDT,0.00020000000000000052,0.31
2026-02-10 23:00:00,0.00967,0.00968,0.00928,0.00948,30851449,1770767999999,290828.0301,2959,11717971,110499.8673300,0,4USDT,0.0003999999999999993,-1.96
2026-02-11 00:00:00,0.00948,0.00952,0.00938,0.00949,10651222,1770771599999,100804.3015,1764,5692110,53922.9279900,0,4USDT,0.00014000000000000123,0.11
2026-02-11 01:00:00,0.00949,0.0096,0.00947,0.00955,8844494,1770775199999,84395.21948,1552,4260786,40643.9290900,0,4USDT,0.0001299999999999999,0.63
2026-02-11 02:00:00,0.00955,0.0096,0.00943,0.00945,7731507,1770778799999,73579.2042,1601,2901364,27622.9591100,0,4USDT,0.00017,-1.05
2026-02-11 03:00:00,0.00944,0.00948,0.00922,0.00939,25230846,1770782399999,235557.75798,3006,10892263,101816.0808100,0,4USDT,0.0002599999999999998,-0.53
2026-02-11 04:00:00,0.00938,0.00944,0.0091,0.0092,27048478,1770785999999,249868.53479,3608,10895619,100721.6185100,0,4USDT,0.00034,-1.92
2026-02-11 05:00:00,0.0092,0.00937,0.00907,0.00923,31388510,1770789599999,288824.03232,3160,16251505,149709.7137400,0,4USDT,0.0002999999999999999,0.33
2026-02-11 06:00:00,0.00922,0.00928,0.00906,0.00917,20477927,1770793199999,187794.58604,2594,9755797,89558.8998300,0,4USDT,0.0002199999999999997,-0.54
2026-02-11 07:00:00,0.00917,0.00922,0.00904,0.00913,14320637,1770796799999,130887.24846,1976,6424453,58733.1311600,0,4USDT,0.00018000000000000134,-0.44
2026-02-11 08:00:00,0.00912,0.00919,0.00907,0.00916,10879949,1770800399999,99405.76747,1580,5304013,48506.9175500,0,4USDT,0.00012000000000000031,0.44
2026-02-11 09:00:00,0.00915,0.00921,0.00906,0.00912,19664092,1770803999999,179700.49655,2237,11198632,102456.1537300,0,4USDT,0.0001499999999999991,-0.33
2026-02-11 10:00:00,0.00913,0.00913,0.00884,0.00891,26940404,1770807599999,241325.7758,2884,10906963,97804.6639600,0,4USDT,0.0002899999999999986,-2.41
2026-02-11 11:00:00,0.00891,0.00905,0.0089,0.00903,13722366,1770811199999,123146.17966,2031,7746044,69545.4150200,0,4USDT,0.00015000000000000083,1.35
2026-02-11 12:00:00,0.00903,0.00909,0.00896,0.00905,11771024,1770814799999,106356.3802,1806,6595305,59587.5120400,0,4USDT,0.00013000000000000164,0.22
2026-02-11 13:00:00,0.00905,0.00921,0.00888,0.00914,34166184,1770818399999,310392.7875,3649,15379756,139998.0015500,0,4USDT,0.0003299999999999987,0.99
2026-02-11 14:00:00,0.00915,0.00939,0.00893,0.00896,27573079,1770821999999,253639.81792,3650,12417801,114300.2843500,0,4USDT,0.00046000000000000034,-2.08
2026-02-11 15:00:00,0.00896,0.00904,0.00861,0.00886,68112824,1770825599999,596934.35311,6793,28234774,247562.1728500,0,4USDT,0.0004299999999999998,-1.12
2026-02-11 16:00:00,0.00886,0.00904,0.00883,0.00886,19640805,1770829199999,175425.16218,2575,8704945,77744.6713900,0,4USDT,0.00021000000000000012,0.0
2026-02-11 17:00:00,0.00886,0.00915,0.00885,0.00908,16208477,1770832799999,146151.86203,2155,7199835,64854.2797400,0,4USDT,0.0002999999999999999,2.48
2026-02-11 18:00:00,0.00908,0.00923,0.00898,0.00917,13895191,1770836399999,126726.63311,2062,6446180,58841.6376200,0,4USDT,0.0002500000000000002,0.99
2026-02-11 19:00:00,0.00917,0.00922,0.00905,0.00909,7304375,1770839999999,66625.11727,1404,3164023,28860.4089500,0,4USDT,0.00017,-0.87
2026-02-11 20:00:00,0.00908,0.00918,0.00901,0.00915,4772843,1770843599999,43371.56856,1030,2254769,20501.7632000,0,4USDT,0.00017,0.77
2026-02-11 21:00:00,0.00916,0.00925,0.0091,0.00915,7411629,1770847199999,67985.94089,1302,3196417,29347.3261100,0,4USDT,0.0001499999999999991,-0.11
2026-02-11 22:00:00,0.00915,0.00933,0.00912,0.00924,15817485,1770850799999,145741.69634,2009,9495966,87520.7128100,0,4USDT,0.00021000000000000012,0.98
2026-02-11 23:00:00,0.00923,0.0093,0.00906,0.00918,15032995,1770854399999,137941.11821,2234,6651740,61094.2272000,0,4USDT,0.0002399999999999989,-0.54
2026-02-12 00:00:00,0.00917,0.0094,0.00916,0.0093,16914003,1770857999999,156808.99923,2389,8395666,77844.3991000,0,4USDT,0.00024000000000000063,1.42
2026-02-12 01:00:00,0.0093,0.00949,0.00929,0.00944,8365482,1770861599999,78632.80582,1557,4437671,41740.3943900,0,4USDT,0.00020000000000000052,1.51
2026-02-12 02:00:00,0.00944,0.00958,0.00938,0.00948,9819191,1770865199999,93079.37969,1438,4857739,46013.1584400,0,4USDT,0.00020000000000000052,0.42
2026-02-12 03:00:00,0.00948,0.00955,0.0094,0.00943,13276276,1770868799999,125758.80332,1398,5769896,54713.0885900,0,4USDT,0.0001499999999999991,-0.53
2026-02-12 04:00:00,0.00943,0.0095,0.00939,0.00941,8298327,1770872399999,78397.75406,936,3362225,31766.1704000,0,4USDT,0.00010999999999999899,-0.21
2026-02-12 05:00:00,0.00941,0.00953,0.00939,0.0095,10765152,1770875999999,101935.12325,1169,6630346,62837.7958100,0,4USDT,0.0001399999999999995,0.96
2026-02-12 06:00:00,0.00951,0.00958,0.00949,0.00956,6381259,1770879599999,60862.56191,1008,2920376,27873.5134500,0,4USDT,8.99999999999998e-05,0.53
2026-02-12 07:00:00,0.00956,0.00969,0.00952,0.00964,14387541,1770883199999,138535.08064,1554,8562273,82424.0359700,0,4USDT,0.00017,0.84
2026-02-12 08:00:00,0.00963,0.00966,0.00944,0.00948,15292160,1770886799999,145627.66484,1834,5486573,52256.6462600,0,4USDT,0.0002199999999999997,-1.56
2026-02-12 09:00:00,0.00948,0.00962,0.00942,0.00957,7795187,1770890399999,74190.28069,1393,4672939,44448.6555700,0,4USDT,0.00020000000000000052,0.95
2026-02-12 10:00:00,0.00956,0.00973,0.00953,0.00972,10148970,1770893999999,97604.22023,1367,6141244,59149.3964800,0,4USDT,0.00020000000000000052,1.67
2026-02-12 11:00:00,0.00972,0.00973,0.00955,0.00956,13836822,1770897599999,133474.20267,2078,5916233,57132.0770300,0,4USDT,0.00018000000000000134,-1.65
2026-02-12 12:00:00,0.00956,0.00957,0.00932,0.00937,15833178,1770901199999,149153.18735,2008,6412372,60457.4933200,0,4USDT,0.0002500000000000002,-1.99
2026-02-12 13:00:00,0.00937,0.00947,0.00924,0.00945,15830368,1770904799999,148300.5288,2164,8362592,78446.5280100,0,4USDT,0.0002299999999999993,0.85
2026-02-12 14:00:00,0.00946,0.00948,0.00925,0.00926,12029791,1770908399999,112381.98371,1563,4796285,44811.8049400,0,4USDT,0.00023000000000000104,-2.11
2026-02-12 15:00:00,0.00927,0.00945,0.00917,0.00918,21812965,1770911999999,202554.13258,2402,10946683,101706.1919600,0,4USDT,0.00028000000000000073,-0.97
2026-02-12 16:00:00,0.00918,0.0092,0.00877,0.00889,55139812,1770915599999,494945.90294,5079,23171329,207900.4052000,0,4USDT,0.0004299999999999998,-3.16
2026-02-12 17:00:00,0.0089,0.00901,0.00883,0.00899,20145570,1770919199999,180312.60415,2343,11149197,99908.2239000,0,4USDT,0.00018000000000000134,1.01
2026-02-12 18:00:00,0.00899,0.00925,0.00898,0.00914,21262980,1770922799999,194037.65062,2469,12903260,117699.8916300,0,4USDT,0.0002699999999999994,1.67
2026-02-12 19:00:00,0.00915,0.00973,0.00912,0.00949,30373400,1770926399999,288318.74486,4459,16454555,155913.3665000,0,4USDT,0.0006100000000000012,3.72
2026-02-12 20:00:00,0.00948,0.00951,0.00936,0.00937,6890522,1770929999999,65021.96309,1435,3455070,32604.8471500,0,4USDT,0.0001499999999999991,-1.16
2026-02-12 21:00:00,0.00937,0.00941,0.00932,0.00933,8149033,1770933599999,76373.01493,1169,3319983,31116.0039300,0,4USDT,8.99999999999998e-05,-0.43
2026-02-12 22:00:00,0.00933,0.00948,0.00928,0.00948,5110279,1770937199999,47920.51271,1041,3393855,31830.8134600,0,4USDT,0.00020000000000000052,1.61
2026-02-12 23:00:00,0.00948,0.0096,0.00946,0.00958,8148160,1770940799999,77697.66962,1387,4255589,40590.1477900,0,4USDT,0.0001399999999999995,1.05
2026-02-13 00:00:00,0.00958,0.0096,0.00944,0.00951,8760205,1770944399999,83356.90091,1315,3955860,37662.9911700,0,4USDT,0.00015999999999999868,-0.73
2026-02-13 01:00:00,0.00952,0.00971,0.00945,0.00967,10793609,1770947999999,103633.32103,1537,5588369,53664.9068600,0,4USDT,0.0002599999999999998,1.58
2026-02-13 02:00:00,0.00966,0.00967,0.0095,0.00959,7069695,1770951599999,67784.86115,1261,3697482,35469.4006800,0,4USDT,0.00017,-0.72
2026-02-13 03:00:00,0.00957,0.00959,0.00924,0.00938,12986044,1770955199999,122333.78232,1749,5140968,48537.8195400,0,4USDT,0.0003499999999999996,-1.99
2026-02-13 04:00:00,0.00939,0.00953,0.00933,0.00944,7657615,1770958799999,72089.9658,1084,4430406,41756.3518900,0,4USDT,0.00020000000000000052,0.53
2026-02-13 05:00:00,0.00944,0.00963,0.0092,0.00927,24084422,1770962399999,226385.35827,2501,11234303,105898.3496800,0,4USDT,0.0004299999999999998,-1.8
2026-02-13 06:00:00,0.00927,0.00937,0.0091,0.00933,16802923,1770965999999,155092.1691,1825,6709568,62037.1253400,0,4USDT,0.0002699999999999994,0.65
2026-02-13 07:00:00,0.00933,0.00944,0.00932,0.00935,6331266,1770969599999,59341.53523,1120,2576611,24168.7179900,0,4USDT,0.00012000000000000031,0.21
2026-02-13 08:00:00,0.00935,0.00945,0.00934,0.00944,7666239,1770973199999,72136.52786,1274,3829309,36048.6812000,0,4USDT,0.00011000000000000072,0.96
2026-02-13 09:00:00,0.00943,0.00955,0.00935,0.00945,13150210,1770976799999,124367.89783,1519,7803693,73890.3072300,0,4USDT,0.0001999999999999988,0.21
2026-02-13 10:00:00,0.00944,0.00948,0.00941,0.00947,4578361,1770980399999,43271.16242,900,2130887,20146.0093600,0,4USDT,7.000000000000062e-05,0.32
2026-02-13 11:00:00,0.00947,0.00954,0.00942,0.00942,8785588,1770983999999,83214.91792,906,4749620,45009.9636700,0,4USDT,0.00012000000000000031,-0.53
2026-02-13 12:00:00,0.00942,0.00942,0.00931,0.00931,7596403,1770987599999,70983.61097,982,2656396,24820.8266700,0,4USDT,0.00010999999999999899,-1.17
2026-02-13 13:00:00,0.00932,0.00945,0.00928,0.00936,11184328,1770991199999,104758.094,1236,5852247,54760.7740300,0,4USDT,0.00017,0.43
2026-02-13 14:00:00,0.00936,0.00965,0.00936,0.00963,15109876,1770994799999,143496.29102,1926,8120147,77170.6667100,0,4USDT,0.0002900000000000003,2.88
2026-02-13 15:00:00,0.00963,0.01003,0.00961,0.00986,41241956,1770998399999,406612.40256,5137,17608334,173463.1907300,0,4USDT,0.00042000000000000023,2.39
2026-02-13 16:00:00,0.00985,0.01017,0.00978,0.01004,37815000,1771001999999,378067.25499,4628,19573383,195787.6100900,0,4USDT,0.0003899999999999997,1.93
2026-02-13 17:00:00,0.01003,0.01038,0.00992,0.01031,47018690,1771005599999,477164.45997,7343,23400732,237398.0256900,0,4USDT,0.00046000000000000034,2.79
2026-02-13 18:00:00,0.01031,0.01035,0.01018,0.01021,15194012,1771009199999,155776.54792,2871,7106783,72904.3018800,0,4USDT,0.00017,-0.97
2026-02-13 19:00:00,0.01021,0.01022,0.01,0.01003,25650443,1771012799999,258803.31873,5568,12365709,124851.7342500,0,4USDT,0.0002199999999999997,-1.76
2026-02-13 20:00:00,0.01001,0.01038,0.00999,0.01028,15283645,1771016399999,155817.69533,4947,9660891,98340.6624000,0,4USDT,0.0003899999999999997,2.7
2026-02-13 21:00:00,0.01028,0.0103,0.01014,0.01023,6368098,1771019999999,64959.18248,1605,3085939,31485.0474800,0,4USDT,0.00016000000000000042,-0.49
2026-02-13 22:00:00,0.01023,0.01028,0.01009,0.01028,7885131,1771023599999,80217.62521,1805,3426159,34879.0843200,0,4USDT,0.0001899999999999992,0.49
2026-02-13 23:00:00,0.01028,0.01038,0.01021,0.01029,13726815,1771027199999,141430.70847,2545,7458748,76908.1528900,0,4USDT,0.00017,0.1
2026-02-14 00:00:00,0.01027,0.01047,0.01014,0.01045,12180391,1771030799999,125375.17161,2155,5740742,59097.3034300,0,4USDT,0.00033000000000000043,1.75
2026-02-14 01:00:00,0.01044,0.01045,0.01024,0.01033,12194194,1771034399999,126054.85482,2172,4658759,48179.4706400,0,4USDT,0.00020999999999999838,-1.05
2026-02-14 02:00:00,0.01032,0.01059,0.01026,0.01035,21524843,1771037999999,224283.45305,2997,8785568,91660.8275900,0,4USDT,0.00033000000000000043,0.29
2026-02-14 03:00:00,0.01035,0.01043,0.01029,0.01032,7288195,1771041599999,75418.4087,1139,3097218,32070.5902100,0,4USDT,0.0001399999999999995,-0.29
2026-02-14 04:00:00,0.01032,0.01032,0.01013,0.01025,17211805,1771045199999,176244.09174,3262,6454759,66166.7621900,0,4USDT,0.0001899999999999992,-0.68
2026-02-14 05:00:00,0.01024,0.01033,0.01015,0.01018,9350288,1771048799999,95643.34109,1286,3360372,34440.5813300,0,4USDT,0.00018000000000000134,-0.59
2026-02-14 06:00:00,0.01018,0.01021,0.01008,0.0102,8715105,1771052399999,88376.26702,1486,3307324,33571.1454900,0,4USDT,0.0001299999999999999,0.2
2026-02-14 07:00:00,0.0102,0.0104,0.01018,0.01034,11895667,1771055999999,122651.71848,1861,6967741,71817.1000900,0,4USDT,0.0002199999999999997,1.37
2026-02-14 08:00:00,0.01034,0.01049,0.01029,0.01044,9767639,1771059599999,101296.50092,1708,4482607,46523.4307700,0,4USDT,0.0001999999999999988,0.97
2026-02-14 09:00:00,0.01043,0.01049,0.01028,0.01035,9184580,1771063199999,95204.42517,1459,4419151,45779.3300600,0,4USDT,0.00021000000000000012,-0.77
2026-02-14 10:00:00,0.01035,0.01039,0.01029,0.01037,3287298,1771066799999,33987.68401,618,1691689,17498.6478000,0,4USDT,9.99999999999994e-05,0.19
