symbol,total_candles,avg_volume,avg_volume_usd,volatility,max_change,min_change,price_range,start_price,end_price,total_volume,total_volume_usd
BTCUSDT,168,8054.420107142857,551857127.0421178,0.5750905260932118,1.55,-1.91,7219.0,67935.1,69593.4,1353142.578,92711997343.0758
BCHUSDT,168,13134.562357142855,6931896.2376107145,0.7149438314052667,2.26,-2.1,80.05000000000007,517.87,566.34,2206606.476,1164558567.9186
ETHUSDT,168,240331.45686309523,486055798.5472388,0.7300227110731794,2.2,-2.15,258.23,2017.52,2073.5,40375684.753,81657374155.93613
TRXUSDT,168,7257828.005952381,2016402.634937262,0.19910363718541643,0.46,-0.61,0.009460000000000024,0.2744,0.28242,1219315105.0,338755642.66946
XRPUSDT,168,34129134.270238094,47941983.22182463,0.7350022525371426,2.49,-1.65,0.12749999999999995,1.3915,1.4463,5733694557.4,8054253181.266539
LTCUSDT,168,71619.48963690476,3849451.508080595,0.6313277086020402,1.67,-2.1,5.0,53.19,55.38,12032074.259,646707853.35754
XLMUSDT,168,10354457.80357143,1649113.6423714284,0.7276476952327484,2.13,-2.68,0.02009999999999998,0.15639,0.16972,1739548911.0,277051091.9184
ETCUSDT,168,139139.8730952381,1169945.8156282739,0.6513591737036869,1.93,-1.76,0.9620000000000006,8.555,8.694,23375498.68,196550897.02555
LINKUSDT,168,681848.3360714285,5869171.719721905,0.7113156843845353,2.01,-1.71,0.9250000000000007,8.65,8.932,114550520.46,986020848.91328
DASHUSDT,168,61391.84144642856,2211008.0494386908,1.1483036033759062,4.21,-3.41,8.310000000000002,35.37,38.87,10313829.362999998,371449352.30570006
XMRUSDT,168,6145.359309523809,2067600.40147869,1.0425482588208304,2.87,-3.07,55.20999999999998,325.32,356.02,1032420.364,347356867.4484199
ADAUSDT,168,25931787.19047619,6894787.218430953,0.6930008732272264,1.84,-1.58,0.029500000000000026,0.267,0.2785,4356540248.0,1158324252.6964002
XTZUSDT,168,647077.2285714286,262538.5710130953,0.7344781612652174,2.45,-1.93,0.044999999999999984,0.409,0.413,108708974.4,44106479.93020001
ZECUSDT,168,69240.52447023809,16835114.653094284,1.3274714456897958,5.8,-4.01,69.5,227.22,281.71,11632408.111,2828299261.71984
BNBUSDT,168,32864.220773809524,20392563.915992264,0.5893749830856387,1.61,-1.48,68.5,635.74,627.13,5521189.09,3425950737.8867
ONTUSDT,168,1707622.0267857143,77491.7222985119,0.6864290320798804,1.96,-1.78,0.0058,0.046,0.0474,286880500.5,13018609.34615
IOTAUSDT,168,2912984.8898809524,198361.03987208332,0.7176396436320577,2.15,-1.85,0.009499999999999995,0.0705,0.0696,489381461.5,33324654.69851
ATOMUSDT,168,462808.9457142858,911304.5486166073,0.7008722721228344,2.95,-1.68,0.2689999999999997,1.933,2.13,77751902.88000001,153099164.16759002
BATUSDT,168,1855265.0529761903,239328.82560005953,1.053670110354391,3.8,-2.52,0.019600000000000006,0.119,0.1334,311684528.9,40207242.70081
VETUSDT,168,44722236.89285714,352696.5900285655,0.7536162391048913,2.39,-2.17,0.0010190000000000008,0.00792,0.008348,7513335798.0,59253027.124799
QTUMUSDT,168,91088.69047619047,85140.92060535715,0.6966193468457302,2.19,-1.82,0.1449999999999999,0.916,1.009,15302900.0,14303674.661700001
IOSTUSDT,168,32364439.041666668,39925.09449080952,0.642854741306543,1.87,-1.54,0.00013199999999999996,0.001234,0.001303,5437225759.0,6707415.874456
NEOUSDT,168,61832.54976190476,168249.00260785714,0.6808069295167429,1.6,-2.09,0.3490000000000002,2.761,2.877,10387868.36,28265832.43812
THETAUSDT,168,968801.2190476191,199216.4428882738,0.8047261664830629,3.61,-2.05,0.02729999999999999,0.2023,0.2177,162758604.8,33468362.40523
ZILUSDT,168,446972352.63095236,2007792.3751488097,2.050826896872399,22.44,-3.89,0.00222,0.00419,0.00451,75091355242.0,337309119.02500004
ALGOUSDT,168,6764484.328571429,634084.182927738,0.7245144879350792,2.31,-2.04,0.01200000000000001,0.0953,0.0972,1136433367.2,106526142.73185998
KNCUSDT,168,442131.54761904763,65817.95705892857,0.6362454360690802,1.96,-2.34,0.015699999999999992,0.1537,0.1506,74278100.0,11057416.7859
ZRXUSDT,168,1413908.1285714286,151178.77752113095,0.8669120312449863,3.75,-2.65,0.015399999999999997,0.1033,0.1131,237536565.6,25398034.623549998
COMPUSDT,168,64082.19747619048,1255030.0922642855,1.5190278721946264,13.81,-3.33,7.140000000000001,16.97,19.8,10765809.176,210845055.50039998
DOGEUSDT,168,182380700.14285713,17195393.531428214,0.6642444161793419,1.85,-1.96,0.0116,0.09541,0.09789,30639957624.0,2888826113.27994
KAVAUSDT,168,1814190.1339285714,99939.53977732144,0.7603836071146157,2.66,-2.06,0.007599999999999996,0.0564,0.0572,304783942.5,16789842.68259
BANDUSDT,168,270777.71785714285,66411.8786264881,0.8882478415243271,4.26,-1.99,0.033800000000000024,0.2406,0.2499,45490656.6,11157195.609250002
DOTUSDT,168,1909967.2369047615,2495162.771395833,0.6875038196228498,1.86,-1.84,0.17799999999999994,1.329,1.36,320874495.79999995,419187345.5945
SNXUSDT,168,1508390.713690476,433222.3473928571,0.8562143055235508,3.42,-1.75,0.03999999999999998,0.293,0.3,253409639.89999998,72781354.36199999
RLCUSDT,168,93660.4648809524,41440.060958333335,0.706779764455236,2.4,-1.99,0.05359999999999998,0.4541,0.4524,15734958.100000001,6961930.241
TRBUSDT,168,21887.354166666668,318448.18621904764,0.8019788311564338,2.97,-1.96,2.4079999999999995,14.512,15.622,3677075.5,53499295.2848
CRVUSDT,168,7746970.362500001,1894291.2921113095,0.9411650013348708,3.16,-3.36,0.04000000000000001,0.252,0.251,1301491020.9,318240937.0747
YFIUSDT,168,45.73530952380952,137895.9718809524,0.7769499783710595,2.15,-3.0,297.0,2887.0,2860.0,7683.531999999999,23166523.276
RUNEUSDT,168,528304.9404761905,212959.7228,0.6414149527209316,2.3,-1.54,0.048099999999999976,0.408,0.4188,88755230.0,35777233.4304
SUSHIUSDT,168,1063264.1488095238,216337.10548571427,0.8279259405214388,2.8,-2.27,0.0262,0.2038,0.2126,178628377.0,36344633.721599996
EGLDUSDT,168,63081.31726190477,298174.07767380954,0.9611099941591184,4.32,-3.64,0.9870000000000001,4.428,5.144,10597661.3,50093245.049200006
ICXUSDT,168,6683669.345238095,277103.85383273807,1.2840489896467915,12.31,-4.4,0.010300000000000004,0.04,0.0412,1122856450.0,46553447.4439
SOLUSDT,168,1114214.23625,92993581.58138274,0.7865889006716426,2.28,-2.33,12.61,84.85,85.82,187187991.69,15622921705.6723
STORJUSDT,168,1297552.0833333333,134045.0727613095,0.845240309318096,1.89,-5.52,0.021400000000000002,0.1062,0.1047,217988750.0,22519572.223899998
UNIUSDT,168,1808440.869047619,6529188.32932738,1.6772259573147874,16.87,-4.47,1.451,3.46,3.458,303818066.0,1096903639.327
AVAXUSDT,168,619520.2857142857,5529347.254559524,0.6603435954867516,2.02,-1.51,0.9550000000000001,8.98,9.229,104079408.0,928930338.766
KSMUSDT,168,75513.48095238095,330184.71695119044,0.8015801310188859,2.4,-2.14,0.5860000000000003,4.423,4.657,12686264.8,55471032.447799996
NEARUSDT,168,2703685.851190476,2724424.3628869047,0.8439937916760974,2.87,-2.92,0.17100000000000004,1.044,1.04,454219223.0,457703292.96500003
ENJUSDT,168,4038434.220238095,89713.95204660713,0.8990067944261012,2.56,-4.74,0.003429999999999999,0.02232,0.02199,678456949.0,15071943.943829998
AAVEUSDT,168,30903.29761904762,3460157.5741011905,0.8727184029757254,2.39,-1.89,23.209999999999994,110.93,126.24,5191754.0,581306472.449
FILUSDT,168,4283992.240476191,3954684.1726363096,0.8255284920170968,2.82,-2.37,0.14800000000000002,0.956,0.964,719710696.4000001,664386941.0029
RSRUSDT,168,57547135.72619048,91554.980769625,0.7830178375932214,2.08,-2.2,0.000245,0.001633,0.001633,9667918802.0,15381236.769297
BELUSDT,168,395049.8214285714,39362.55281190477,0.6643486334647096,1.87,-1.89,0.010499999999999995,0.1016,0.1017,66368370.0,6612908.872400001
AXSUSDT,168,4696325.863095238,6842921.144773809,1.7060133126293442,8.73,-4.06,0.3400000000000001,1.302,1.459,788982745.0,1149610752.322
LRCUSDT,168,6190334.821428572,218878.87606886908,1.1365430090435469,3.74,-9.6,0.008480000000000001,0.03853,0.03356,1039976250.0,36771651.179570004
ZENUSDT,168,122558.12738095237,735752.046322619,0.909129996761883,3.59,-2.56,1.1139999999999999,5.899,6.513,20589765.4,123606343.7822
SKLUSDT,168,29904648.029761903,207017.06738291663,1.6220240752832256,11.06,-6.2,0.00181,0.00671,0.00717,5023980869.0,34778867.320329994
GRTUSDT,168,9192840.517857144,248522.26094904763,0.7063855530905594,2.44,-1.62,0.0034999999999999996,0.02742,0.02802,1544397207.0,41751739.83944
1INCHUSDT,168,2408141.8273809524,232901.16604107138,0.7396301042051212,2.28,-1.82,0.0097,0.0966,0.098,404567827.0,39127395.894899994
CHZUSDT,168,17979679.76785714,731167.2885745832,0.8060519036461254,2.92,-2.96,0.006399999999999996,0.0411,0.04278,3020586201.0,122836104.48053
RVNUSDT,168,13739023.583333334,80267.26897464287,0.7065356227792476,2.26,-1.87,0.0008000000000000004,0.00577,0.00622,2308155962.0,13484901.187740002
SANDUSDT,168,11022657.916666666,954685.5979592261,0.9156074063611568,3.73,-2.39,0.014670000000000002,0.08603,0.0887,1851806530.0,160387180.45714998
ANKRUSDT,168,21649991.095238097,98996.92764233334,0.776425074340733,4.01,-1.81,0.0006659999999999999,0.004615,0.004694,3637198504.0,16631483.843912
CHRUSDT,168,1942152.4464285714,52790.54101130953,0.7307579308841217,1.88,-2.6,0.002999999999999999,0.0275,0.027,326281611.0,8868810.8899
SFPUSDT,168,142966.44642857142,37264.23948035714,0.68784854036722,2.07,-2.05,0.03290000000000001,0.2711,0.2542,24018363.0,6260392.2327
COTIUSDT,168,4966340.773809524,59377.80845029762,0.8343052081544131,3.02,-2.13,0.0016100000000000003,0.01237,0.01243,834345250.0,9975471.81965
ALICEUSDT,168,1433614.1523809526,165049.22254166668,0.9736032452472485,3.36,-2.63,0.019000000000000003,0.119,0.113,240847177.60000002,27728269.387000002
HBARUSDT,168,22633171.529761903,2104525.5548999407,1.0144001933913647,4.95,-2.79,0.020890000000000006,0.08694,0.10229,3802372817.0,353560293.22319
MANAUSDT,168,3126740.130952381,315959.0612345238,0.7842015676213757,3.11,-2.15,0.014899999999999997,0.0999,0.1033,525292342.0,53081122.28739999
CELRUSDT,168,19667866.17261905,49649.843775059526,0.7418123273053069,2.02,-2.31,0.00033,0.00247,0.00267,3304201517.0,8341173.75421
ONEUSDT,168,31547287.68452381,78943.81058845238,0.8559765482504957,2.72,-2.06,0.00035000000000000005,0.00257,0.0026,5299944331.0,13262560.178860001
DENTUSDT,168,295201900.88095236,43007.45048163095,0.790068774460509,3.42,-2.07,1.8000000000000004e-05,0.000146,0.000149,49593919348.0,7225251.680914
OGNUSDT,168,2582092.886904762,55904.28564940476,0.786778133761381,1.9,-1.89,0.002599999999999998,0.0221,0.0228,433791605.0,9391919.9891
MTLUSDT,168,187007.16666666666,52428.04597916666,0.7573967070728534,2.64,-2.44,0.041600000000000026,0.2773,0.2917,31417204.0,8807911.724499999
HOTUSDT,168,134624826.82142857,51900.010602964285,0.7170330800169602,1.58,-3.12,5.099999999999999e-05,0.000396,0.000384,22616970906.0,8719201.781298
BTCDOMUSDT,168,34.46820833333334,177247.83979047622,0.28021483850277656,0.9,-0.82,212.70000000000073,5088.7,5084.9,5790.659000000001,29777637.084800005
GTCUSDT,168,526107.5750000001,51608.817542857134,0.9302336488385178,2.11,-2.11,0.011999999999999997,0.096,0.104,88386072.60000001,8670281.347199999
1000SHIBUSDT,168,306834255.4702381,1870873.7376752142,0.7042559705504017,2.63,-1.96,0.0007129999999999992,0.006045,0.00644,51548154919.0,314306787.92943597
IOTXUSDT,168,9058815.19047619,51201.60542767857,0.7858036243503853,2.69,-1.84,0.0008799999999999997,0.00593,0.00553,1521880952.0,8601869.71185
C98USDT,168,23445055.083333332,675530.6104857143,1.5701917340093163,5.86,-2.97,0.009599999999999997,0.0272,0.0328,3938769254.0,113489142.5616
DYDXUSDT,168,4860358.111904762,507226.1948875001,0.9387073785951763,3.13,-3.03,0.021000000000000005,0.11,0.108,816540162.8,85214000.74110001
MASKUSDT,168,307799.73214285716,139979.31296428572,0.7502732678668621,2.24,-2.36,0.06169999999999998,0.4641,0.4705,51710355.0,23516524.578
ATAUSDT,168,3564568.029761905,44427.84840833333,0.8499019215795043,2.4,-2.48,0.0017000000000000001,0.0125,0.0131,598847429.0,7463878.5326
1000XECUSDT,168,11658987.226190476,93989.61312363094,0.8692938816781843,4.84,-3.79,0.001230000000000001,0.00795,0.0085,1958709854.0,15790255.00477
CELOUSDT,168,1077403.3803571428,88901.90695654761,1.1891577663740125,3.75,-2.5,0.010999999999999996,0.08,0.088,181003767.89999998,14935520.3687
GALAUSDT,168,253244680.9702381,1022702.4166215478,0.7058286298724694,2.66,-1.68,0.0005599999999999997,0.00414,0.00418,42545106403.0,171814005.99242002
ARUSDT,168,202376.73571428572,385382.0438494048,0.9737948672803162,3.54,-2.22,0.3780000000000001,2.012,2.061,33999291.6,64744183.3667
CTSIUSDT,168,1211503.2738095238,32051.9036672619,0.6334064760489664,1.85,-1.85,0.0026000000000000016,0.0272,0.0273,203532550.0,5384719.8160999995
ARPAUSDT,168,14027865.714285715,140165.1065057143,0.6951659406634177,1.9,-2.42,0.0008599999999999997,0.00993,0.0102,2356681440.0,23547737.89296
ENSUSDT,168,83515.59285714285,512077.6694375,1.1557255037322611,8.14,-2.18,1.7670000000000003,5.906,6.951,14030619.6,86029048.4655
PEOPLEUSDT,168,24730359.92857143,162155.15580226187,0.7244039441361507,2.84,-1.79,0.0009699999999999995,0.00671,0.00687,4154700468.0,27242066.174779996
LPTUSDT,168,242661.45714285714,602569.1810119047,1.2749892217908825,12.07,-5.62,0.41500000000000004,2.378,2.466,40767124.8,101231622.41
ROSEUSDT,168,73473164.84523809,973072.3160929761,1.467797172415137,8.14,-3.76,0.002960000000000001,0.01335,0.01271,12343491694.0,163476149.10362
DUSKUSDT,168,44473989.71428572,4953329.284959108,2.6130138372769802,18.86,-8.17,0.057789999999999994,0.08298,0.10979,7471630272.0,832159319.8731301
FLOWUSDT,168,14531538.420833332,684184.9563317911,1.231574135121147,5.54,-7.37,0.014600000000000002,0.04805,0.04408,2441298454.7,114943072.6637409
API3USDT,168,2065332.030952381,688388.1981835713,1.228070507491953,5.73,-5.59,0.0681,0.352,0.3204,346975781.2,115649217.29484
GMTUSDT,168,14406771.75,177565.28228160716,0.7926138728895716,2.82,-2.32,0.0019299999999999994,0.0123,0.01284,2420337654.0,29830967.42331
IMXUSDT,168,1041644.8928571428,165322.93640714284,0.8883014981474835,2.84,-2.19,0.023900000000000005,0.1594,0.1684,174996342.0,27774253.3164
WOOUSDT,168,5345773.583333333,90448.11095625,0.8323644074823573,3.33,-1.68,0.0025699999999999994,0.01728,0.01774,898089962.0,15195282.64065
APEUSDT,168,1996474.738095238,253666.04137261905,0.7921516126093329,3.43,-1.99,0.01609999999999999,0.1285,0.1309,335407756.0,42615894.9506
INJUSDT,168,245691.15059523808,766101.3102660715,0.774561328980758,2.71,-2.14,0.43199999999999994,3.171,3.176,41276113.3,128705020.12470001
JASMYUSDT,168,73146187.25595239,417661.9709383571,0.9511454963379041,3.47,-2.85,0.001079,0.005523,0.006173,12288559459.0,70167211.117644
OPUSDT,168,7418327.5625,1384692.890407143,0.8547109593693961,3.26,-2.8,0.029799999999999993,0.1903,0.1924,1246279030.5,232628405.5884
STGUSDT,168,11412156.232142856,2110927.3440589285,2.3202833691234956,12.48,-8.0,0.0859,0.1398,0.1608,1917242247.0,354635793.8019
1000LUNCUSDT,168,5438511.255952381,186685.44763833334,0.6316730334712045,1.53,-1.77,0.004019999999999996,0.03531,0.03372,913669891.0,31363155.20324
SPELLUSDT,168,179120288.85119048,33745.17892491251,0.5895292249028392,1.63,-1.49,1.930000000000001e-05,0.00019,0.0001913,30092208527.0,5669190.059385301
ICPUSDT,168,525872.2261904762,1259673.603952381,0.8649742418833964,2.45,-2.76,0.2589999999999999,2.412,2.42,88346534.0,211625165.46400002
LUNA2USDT,168,2216308.339285714,135779.20387541666,0.7330486371252712,2.22,-2.19,0.006660000000000006,0.06219,0.06329,372339801.0,22810906.25107
LDOUSDT,168,1807541.232142857,622951.0165892857,0.8409969286782166,2.8,-2.32,0.051100000000000034,0.3495,0.3519,303666927.0,104655770.787
APTUSDT,168,1589026.8970238096,1569348.3794844048,0.8544513594983058,2.48,-2.23,0.25729999999999986,1.0861,0.9588,266956518.70000002,263650527.75338
QNTUSDT,168,3964.967857142857,269635.24153571425,1.0110241499415538,4.4,-2.43,12.669999999999995,63.03,72.51,666114.6,45298720.577999994
FETUSDT,168,4995305.154761905,802454.2510982143,0.8069890366334909,2.47,-2.18,0.0232,0.1619,0.1704,839211266.0,134812314.1845
MAGICUSDT,168,5408375.4428571435,380583.2329572619,1.5503483424351316,14.68,-3.73,0.013200000000000003,0.0643,0.07013,908607074.4000001,63937983.136819996
HOOKUSDT,168,1258103.451190476,32962.69241040476,0.7292168205489659,2.93,-2.11,0.0037400000000000003,0.02667,0.0269,211361379.79999998,5537732.324948
TUSDT,168,11869928.0,84458.67042660715,0.7302125868629742,2.33,-2.95,0.0009849999999999998,0.00687,0.0076,1994147904.0,14189056.63167
HIGHUSDT,168,341902.66369047615,51428.945939226185,0.8221479722535242,2.25,-2.7,0.028600000000000014,0.1471,0.159,57439647.49999999,8640062.91779
MINAUSDT,168,4402939.75,290811.3274036905,0.9075812869463372,3.3,-2.02,0.008600000000000003,0.065,0.06807,739693878.0,48856303.00382
ASTRUSDT,168,9789839.029761905,75219.55766070237,0.8568178989088082,2.89,-3.02,0.0011610000000000006,0.007578,0.008117,1644692957.0,12636885.686997999
PHBUSDT,168,199454.49404761905,32001.2869375,0.7597821619131687,2.74,-1.96,0.020199999999999996,0.1637,0.1691,33508355.0,5376216.2055
GMXUSDT,168,8879.16869047619,54576.43461404762,0.7679141957305922,2.19,-2.12,0.7670000000000003,6.059,6.373,1491700.3399999999,9168841.01516
CFXUSDT,168,6737293.357142857,329568.86389482144,0.9892570489207867,4.49,-2.75,0.012500000000000004,0.0488,0.05542,1131865284.0,55367569.134330004
ACHUSDT,168,30048628.55357143,229366.7902215893,0.8824175820641912,2.77,-2.78,0.0011020000000000005,0.00724,0.007927,5048169597.0,38533620.757227
STXUSDT,168,1545674.386904762,409697.72163392854,0.854935600470808,2.56,-2.35,0.044499999999999984,0.2653,0.2706,259673297.0,68829217.23449999
SSVUSDT,168,35479.263452380954,110235.31782732141,1.0269571004111968,3.05,-4.64,0.52,3.283,3.265,5960516.26,18519533.394989997
TRUUSDT,168,8570547.452380951,55118.49547214882,0.723071989260983,2.9,-1.7,0.0008500000000000001,0.00656,0.006636,1439851972.0,9259907.239321
CKBUSDT,168,35784329.41071428,59422.14400127976,0.7772551536350822,2.06,-3.08,0.00020899999999999998,0.001702,0.001719,6011767341.0,9982920.192215
LQTYUSDT,168,752207.5190476191,231258.223596131,1.6190673095361625,4.74,-12.49,0.1109,0.3438,0.2758,126370863.2,38851381.564150006
USDCUSDT,168,118647.67261904762,118655.23971063097,0.006611279040422355,0.04,-0.02,0.0005879999999999219,1.000003,0.999987,19932809.0,19934080.271386
IDUSDT,168,2140200.2916666665,109624.3923214881,0.7919023788783722,2.28,-2.42,0.008199999999999999,0.05142,0.05474,359553649.0,18416897.910010003
JOEUSDT,168,913765.125,35266.92461321429,0.9464717245677919,5.98,-4.79,0.007859999999999999,0.03943,0.03984,153512541.0,5924843.33502
ARBUSDT,168,19576846.71547619,2209746.0180043452,0.8101494205945983,2.74,-2.11,0.020799999999999985,0.1168,0.1173,3288910248.2,371237331.02472997
TLMUSDT,168,25062055.714285713,42548.914849577384,0.6760256994851706,1.83,-1.81,0.00017200000000000006,0.001706,0.001768,4210425360.0,7148217.694729
XVSUSDT,168,40764.10833333333,117778.05196607142,1.0261415433875916,3.05,-4.21,1.0070000000000001,3.246,2.969,6848370.199999999,19786712.730299998
HFTUSDT,168,3081789.0178571427,57000.03377470239,0.7742344563771933,1.83,-2.21,0.002199999999999997,0.01806,0.01884,517740555.0,9576005.674150001
RDNTUSDT,168,8329874.398809524,49120.233064083324,0.7017162044544467,1.76,-2.25,0.0009300000000000003,0.00624,0.006102,1399418899.0,8252199.154765999
BLURUSDT,168,6506135.922619048,133217.35210744047,0.8442315967075529,3.02,-2.15,0.003279999999999998,0.02018,0.0218,1093030835.0,22380515.15405
EDUUSDT,168,794109.0773809524,107484.06721309523,1.0469160584941537,2.42,-3.44,0.019000000000000017,0.1393,0.1273,133410325.0,18057323.2918
SUIUSDT,168,8127538.06547619,7700661.098715237,0.8759043475203971,2.23,-2.12,0.1474000000000001,0.9741,0.9913,1365426395.0,1293711064.5841599
1000FLOKIUSDT,168,13236932.44642857,402307.0506919643,0.7935356317336416,2.52,-2.26,0.004369999999999995,0.03099,0.03107,2223804651.0,67587584.51625
1000PEPEUSDT,168,3140914566.720238,11671275.626731142,0.84228633807425,2.36,-2.43,0.00047750000000000006,0.003766,0.0038515,527673647209.0,1960774305.290832
UMAUSDT,168,84833.0,42392.10840357143,0.6843429118406928,2.09,-1.8,0.06460000000000005,0.5175,0.5134,14251944.0,7121874.2118
NMRUSDT,168,20314.912500000002,169773.2600470238,0.820042527081274,2.4,-2.33,1.4140000000000006,8.786,8.617,3412905.3000000003,28521907.6879
MAVUSDT,168,2266337.744047619,37660.39564827381,0.7625322124109624,2.33,-3.23,0.0029,0.01763,0.01679,380744741.0,6326946.468909999
PENDLEUSDT,168,628467.6130952381,734438.3458380953,0.9654031470760669,3.64,-2.22,0.2555999999999998,1.1497,1.2876,105582559.0,123385642.10080001
WLDUSDT,168,6225627.821428572,2403936.6317083337,0.7234799680612546,1.51,-1.86,0.05180000000000001,0.3917,0.4084,1045905474.0,403861354.12700003
XVGUSDT,168,35755261.24404762,213080.1891750387,1.02454801143944,4.37,-3.05,0.001072,0.005724,0.006549,6006883889.0,35797471.7814065
AGLDUSDT,168,274315.96428571426,61190.98571666667,0.8264808537732953,2.51,-2.46,0.03460000000000002,0.2123,0.2371,46085082.0,10280085.6004
ARKMUSDT,168,1884509.0,224631.65346488092,0.8337554028093104,2.99,-2.19,0.019399999999999987,0.124,0.1235,316597512.0,37738117.78209999
YGGUSDT,168,2547719.226190476,104316.27542172618,0.8147553823376619,2.88,-2.09,0.006659999999999999,0.04102,0.04284,428016830.0,17525134.27085
OXTUSDT,168,1142206.8154761905,20210.76442928571,0.6468377598279242,2.18,-1.73,0.0019099999999999985,0.0179,0.01851,191890745.0,3395408.4241199996
BNTUSDT,168,121474.35119047618,35177.910155357145,0.7553175335983956,2.2,-3.2,0.03640000000000004,0.2958,0.2933,20407691.0,5909888.9061
DODOXUSDT,168,1885863.5357142857,27567.00026336905,0.7465149902972632,4.33,-2.17,0.0020269999999999993,0.014921,0.015553,316825074.0,4631256.044246
ARKUSDT,168,1255384.857142857,241245.25653214287,0.9707251687016472,4.08,-3.08,0.03209999999999999,0.1992,0.2025,210904656.0,40529203.0974
SEIUSDT,168,13319575.113095239,988423.8703363097,0.6740191365289161,2.11,-1.82,0.0097,0.0758,0.0757,2237688619.0,166055210.2165
CYBERUSDT,168,345068.3613095238,188503.0923617262,1.0050452691366554,3.66,-2.37,0.10089999999999999,0.5354,0.5835,57971484.7,31668519.51677
BICOUSDT,168,1435207.7857142857,36257.52360083334,0.773518818307253,2.39,-2.09,0.0038000000000000013,0.02556,0.02514,241114908.0,6091263.96494
BIGTIMEUSDT,168,4929418.220238095,74180.84165059523,0.8092246885267671,2.18,-2.2,0.0028099999999999983,0.0147,0.01619,828142261.0,12462381.3973
WAXPUSDT,168,7269552.773809524,50519.627553023805,0.632105021268417,1.74,-1.52,0.0012289999999999992,0.006711,0.007704,1221284866.0,8487297.428908
BSVUSDT,168,15607.011904761908,248191.078625,1.2438797246191071,10.94,-2.9,4.349999999999998,13.75,16.58,2621978.0000000005,41696101.209
RIFUSDT,168,3072088.6845238097,120948.52439458334,1.1815044502230103,3.75,-3.27,0.013389999999999999,0.04261,0.03327,516110899.0,20319352.09829
POLYXUSDT,168,1584186.2083333333,69687.14683458333,0.6834978320573853,1.9,-1.57,0.005719999999999996,0.04366,0.04686,266143283.0,11707440.66821
POWRUSDT,168,522347.17261904763,34800.51852125001,0.6516841351487408,1.94,-1.84,0.00811,0.06801,0.06991,87754325.0,5846487.111570001
GASUSDT,168,73378.38035714287,118416.33861607144,0.7760532363220523,1.86,-2.55,0.2250000000000001,1.664,1.691,12327567.900000002,19893944.887500003
TIAUSDT,168,3286352.654761905,1079099.5408482144,0.8428139330700564,3.72,-2.55,0.06309999999999999,0.3304,0.3428,552107246.0,181288722.8625
MEMEUSDT,168,320042118.33928573,223959.14071163634,0.7604140377711763,2.49,-2.06,0.00011699999999999992,0.000723,0.0007102,53767075881.0,37625135.6395549
CAKEUSDT,168,304449.7916666667,401062.50456547615,0.6452711337431741,1.9,-1.82,0.16260000000000008,1.3425,1.3218,51147565.0,67378500.76699999
TWTUSDT,168,515566.5714285714,260292.14517559524,1.1004041935029987,3.32,-3.07,0.11560000000000004,0.5267,0.5247,86615184.0,43729080.3895
ORDIUSDT,168,120207.9488095238,334401.13746785716,0.783920773610794,2.57,-2.32,0.4119999999999999,2.806,2.876,20194935.4,56179391.0946
STEEMUSDT,168,686816.244047619,35574.11013494047,0.7085833864813489,2.38,-1.62,0.0068000000000000005,0.05165,0.05424,115385129.0,5976450.502669999
ILVUSDT,168,11512.609523809524,44775.27648452381,0.7500562259125814,2.43,-2.0,0.45100000000000007,3.916,4.003,1934118.4000000001,7522246.4494
KASUSDT,168,8370037.910714285,267762.5635524405,0.9799018804572418,3.26,-2.38,0.004690000000000003,0.03072,0.03285,1406166369.0,44984110.676810004
NTRNUSDT,168,3431785.738095238,48413.94103625,0.7233375357457695,2.82,-1.77,0.0017799999999999986,0.01427,0.0146,576540004.0,8133542.09409
1000BONKUSDT,168,251628499.88690478,1546150.0338504643,0.8193607305093917,2.4,-2.03,0.0008679999999999998,0.00625,0.006406,42273587981.0,259753205.686878
PYTHUSDT,168,7888782.56547619,369398.5116620833,0.8965909658223739,3.1,-1.86,0.012540000000000003,0.04524,0.05261,1325315471.0,62058949.95923
BEAMXUSDT,168,36858803.14285714,89361.0961752381,0.8588739034051419,3.51,-1.79,0.0003470000000000001,0.002337,0.002434,6192278928.0,15012664.157440001
SUPERUSDT,168,881014.8630952381,109737.11193809526,0.7723762304381716,2.56,-2.06,0.014499999999999985,0.1249,0.1299,148010497.0,18435834.805600002
ONGUSDT,168,572757.8154761905,37356.54445142857,0.5851682655946278,1.69,-1.66,0.007669999999999996,0.06516,0.06868,96223313.0,6275899.46784
USTCUSDT,168,15261446.69642857,72764.89833794048,0.926444153911346,3.15,-3.01,0.0004819999999999998,0.00463,0.004921,2563923045.0,12224502.920774
JTOUSDT,168,1296729.2083333333,328045.1381154762,0.9781480565926158,3.28,-2.39,0.04390000000000002,0.2504,0.2719,217850507.0,55111583.2034
ETHWUSDT,168,101317.57738095238,34596.010700000006,0.8627778373740341,3.51,-2.68,0.0696,0.3376,0.3474,17021353.0,5812129.797600001
AUCTIONUSDT,168,115906.78297619049,581367.261558631,1.0802228629136899,6.84,-4.01,0.9100000000000001,4.743,5.345,19472339.540000003,97669699.94185
1000RATSUSDT,168,2367952.505952381,113728.56323202381,1.10512431127471,3.39,-3.65,0.008080000000000004,0.05015,0.04911,397816021.0,19106398.62298
1000SATSUSDT,168,10840083244.577381,125158.42532765954,0.8759811721561461,2.65,-2.54,1.6000000000000016e-06,1.18e-05,1.21e-05,1821133985089.0,21026615.455046803
MOVRUSDT,168,22037.965714285714,32918.88154785714,0.7312506108049965,1.68,-2.33,0.17900000000000005,1.548,1.509,3702378.2399999998,5530372.10004
ACEUSDT,168,1344971.4889880952,252898.20872775593,2.5903425733161827,28.46,-13.69,0.0837,0.1828,0.1692,225955210.15,42486899.066263
NFPUSDT,168,1877014.956547619,32473.332696273814,0.7061029705694835,2.1,-1.86,0.0020300000000000006,0.01761,0.01805,315338512.7,5455519.892974
WIFUSDT,168,11025701.860119049,2423326.998374762,0.8255245867406817,2.61,-2.63,0.0358,0.2265,0.2278,1852317912.5,407118935.72696
AIUSDT,168,1720075.9523809524,39334.73094636905,0.7265637761907351,2.1,-1.98,0.003539999999999998,0.02383,0.02357,288972760.0,6608234.79899
XAIUSDT,168,7572685.839285715,77545.3626777976,0.736059918092628,2.02,-1.49,0.0014799999999999987,0.01047,0.01052,1272211221.0,13027620.929869998
LSKUSDT,168,1218575.6726190476,168554.96521369048,1.1948898177851826,8.45,-6.33,0.025099999999999983,0.1335,0.1482,204720713.0,28317234.1559
ONDOUSDT,168,4420508.2761904765,1116367.0802173214,0.8725562885916095,2.21,-2.02,0.04529999999999998,0.2492,0.2767,742645390.4,187549669.47651
MANTAUSDT,168,4198437.674404762,317229.3425757798,1.2007739104560593,5.71,-3.14,0.01919,0.07226,0.08139,705337529.3,53294529.55273101
ZETAUSDT,168,718476.5238095238,37825.70474994047,0.7934577962633538,2.35,-1.97,0.008319999999999994,0.05262,0.05696,120704056.0,6354718.3979899995
ALTUSDT,168,11929810.333333334,100820.47959273809,0.8632475849537192,2.55,-2.57,0.0012200000000000006,0.00824,0.00893,2004208136.0,16937840.57158
JUPUSDT,168,4901170.529761905,728005.6818291666,0.9671941356356458,3.86,-2.64,0.0348,0.1592,0.1559,823396649.0,122304954.5473
RONINUSDT,168,1043245.2821428572,106630.2723209524,1.0086121720894072,4.11,-2.19,0.026300000000000004,0.0952,0.1046,175265207.4,17913885.749920003
DYMUSDT,168,12539673.901190476,631997.9535432977,3.1777517325252385,32.27,-8.12,0.02633,0.04185,0.04691,2106665215.4,106175656.19527401
OMUSDT,168,36885214.456547625,2071112.0581222975,2.3570994380608465,22.21,-4.16,0.025069999999999995,0.04527,0.06251,6196716028.700001,347946825.764546
STRKUSDT,168,11944827.801785713,578822.4743486845,0.7453245963476115,2.4,-2.2,0.007059999999999997,0.0498,0.05009,2006731070.6999998,97242175.690579
PIXELUSDT,168,8697743.148809524,47244.784464702374,0.8259926738207723,3.17,-1.99,0.0007239999999999998,0.00553,0.005552,1461220849.0,7937123.790069999
GLMUSDT,168,564102.4821428572,107759.60502624999,0.7457139484030627,2.04,-1.89,0.021549999999999986,0.19258,0.19846,94769217.0,18103613.64441
TONUSDT,168,946010.5964285714,1306350.826199464,0.8124785952741944,6.25,-3.43,0.19720000000000004,1.367,1.4823,158929780.2,219466938.80150998
PORTALUSDT,168,2883141.852380953,41692.45180464881,0.8050164221785717,2.75,-2.23,0.0018499999999999992,0.01492,0.01486,484367831.20000005,7004331.903181
AXLUSDT,168,5047330.794642857,298864.1741518214,1.0651790132164403,3.0,-2.65,0.0092,0.057,0.06193,847951573.5,50209181.257506
AEVOUSDT,168,2729640.598809523,73838.41016775595,0.8058316440671606,2.84,-2.09,0.006280000000000001,0.02869,0.02655,458579620.5999999,12404852.908183001
METISUSDT,168,15031.761845238096,54850.31408672619,0.8934255561647687,3.55,-2.1,0.46199999999999974,3.736,3.682,2525335.99,9214852.76657
ETHFIUSDT,168,1057448.6410714285,480586.64945636905,0.922255063369383,3.55,-2.25,0.06060000000000004,0.4568,0.4786,177651371.7,80738557.10867
BOMEUSDT,168,530556590.60119045,211940.8249129714,0.8578563590669244,2.91,-2.24,6.809999999999997e-05,0.0004093,0.000419,89133507221.0,35606058.5853792
VANRYUSDT,168,18620780.48809524,116176.90921486905,0.9286142696462855,3.62,-5.89,0.000817,0.006015,0.006379,3128291122.0,19517720.748098
ENAUSDT,168,30294971.10714286,3577831.6959476196,0.8393258200441337,2.7,-2.02,0.021599999999999994,0.1222,0.1235,5089555146.0,601075724.9192001
TNSRUSDT,168,23552817.366666667,1321513.9008185416,2.692279078139554,22.85,-10.99,0.02592,0.0445,0.05622,3956873317.6,222014335.337515
WUSDT,168,10987141.823809523,214915.50903471425,0.813998548969561,2.14,-2.3,0.0032900000000000013,0.02003,0.02106,1845839826.3999999,36105805.517831996
REZUSDT,168,16525571.916666666,49609.762620779766,0.7212695833077681,1.97,-1.85,0.000516,0.003206,0.003037,2776296082.0,8334440.120291
SAGAUSDT,168,6197183.925595238,201978.8529692381,1.148784998061319,5.35,-3.22,0.008619999999999996,0.03219,0.03335,1041126899.5,33932447.298832
TAOUSDT,168,23232.981845238097,3878750.1819262495,1.111941840386215,2.85,-2.61,65.15,163.43,201.97,3903140.95,651630030.56361
BBUSDT,168,2610938.529761905,83556.46669392858,0.8513312153214995,2.14,-2.04,0.005600000000000001,0.03323,0.03284,438637673.0,14037486.40458
NOTUSDT,168,272759224.60714287,107873.61920382679,0.7899980689591743,2.42,-2.46,4.649999999999999e-05,0.000401,0.0004076,45823549734.0,18122768.0262429
TURBOUSDT,168,225905167.52380952,237922.82578090596,0.898897909004499,2.48,-2.41,0.0001632999999999999,0.0010885,0.0011195,37952068144.0,39971034.7311922
IOUSDT,168,986392.3696428571,101804.52046654759,0.8629422947387877,3.23,-2.26,0.016299999999999995,0.1085,0.1088,165713918.1,17103159.438379996
ZKUSDT,168,38559896.416666664,839940.0998566665,1.0703013957300715,4.57,-2.54,0.0029,0.02152,0.02282,6478062598.0,141109936.77591997
ZROUSDT,168,4197128.17202381,8801588.325565953,2.459300723327999,12.37,-7.9,0.9934000000000003,1.6221,1.856,705117532.9000001,1478666838.69508
LISTAUSDT,168,437095.9583333333,41182.651054761904,0.8023281967859884,2.31,-2.46,0.01580000000000001,0.0972,0.0943,73432121.0,6918685.3772
MEWUSDT,168,184571006.82142857,113199.34755619941,0.9772295470777475,2.54,-3.31,0.00013240000000000007,0.000599,0.000653,31007929146.0,19017490.3894415
RENDERUSDT,168,612463.7011904762,817115.7822708333,0.9637470369110522,3.04,-2.54,0.24499999999999988,1.334,1.457,102893901.8,137275451.4215
BANANAUSDT,168,18434.61011904762,84677.47389940477,0.8233190161229524,2.12,-2.12,0.5629999999999997,4.633,4.799,3097014.5,14225815.6151
RAREUSDT,168,6622807.101190476,133037.94063910714,0.9048156182936221,2.46,-4.8,0.0020599999999999993,0.01942,0.02005,1112631593.0,22350374.02737
SYNUSDT,168,3191812.7321428573,167218.97852815475,0.9464229777476181,3.36,-2.29,0.015389999999999994,0.05963,0.04852,536224539.0,28092788.392729998
GUSDT,168,60563395.541666664,244880.55455008335,1.1942985800176216,10.26,-3.03,0.000928,0.003661,0.004132,10174650451.0,41139933.164414
SYSUSDT,168,4928441.327380952,69255.59927970238,0.8158910034161273,2.4,-2.19,0.0028599999999999997,0.01339,0.01433,827978143.0,11634940.678989999
POPCATUSDT,168,2837522.095238095,143723.96777035715,0.9559437950789114,2.76,-2.36,0.006919999999999996,0.0509,0.05193,476703712.0,24145626.58542
SUNUSDT,168,5186106.404761905,87753.33438665477,0.3686427877905927,1.87,-1.45,0.001516,0.016177,0.017104,871265876.0,14742560.176958
BRETTUSDT,168,14081226.42857143,104572.07241529763,1.1822817836694341,4.16,-3.27,0.00166,0.0076,0.00789,2365646040.0,17568108.16577
DOGSUSDT,168,1829979993.2916667,52069.94070115774,0.8198110181641127,2.48,-2.46,3.5999999999999994e-06,2.84e-05,2.94e-05,307436638873.0,8747750.0377945
MBOXUSDT,168,1208706.5952380951,24821.85014505953,0.7037343843310225,2.07,-2.27,0.002590000000000002,0.02088,0.02131,203062708.0,4170070.8243700005
FLUXUSDT,168,1111550.761904762,84946.52593511905,1.2278068159421593,5.96,-6.47,0.025199999999999986,0.0715,0.0716,186740528.0,14271016.357099999
RPLUSDT,168,18979.444642857143,29661.06458154762,0.7716168649375539,2.46,-2.17,0.276,1.586,1.68,3188546.7,4983058.8497
1MBABYDOGEUSDT,168,252388806.9642857,98192.22466068572,0.8155549278370902,2.54,-2.19,6.419999999999999e-05,0.0004001,0.000417,42401319570.0,16496293.7429952
POLUSDT,168,9928867.17857143,937240.6464784525,0.8194425974503098,2.59,-2.05,0.015620000000000009,0.09578,0.10312,1668049686.0,157456428.60838002
NEIROUSDT,168,5490565162.952381,408220.00160205294,0.9323613040158408,2.46,-2.51,1.3100000000000007e-05,7.72e-05,7.68e-05,922414947376.0,68580960.2691449
FIDAUSDT,168,3046907.339285714,61879.2394635119,0.8154674802171465,2.99,-1.99,0.0022900000000000004,0.01998,0.02125,511880433.0,10395712.229869999
CATIUSDT,168,710157.3214285715,29916.921431964285,0.7383329559840978,2.37,-2.08,0.006519999999999998,0.04415,0.04182,119306430.0,5026042.80057
FIOUSDT,168,2323466.1904761903,20907.397611309523,0.6549443346966086,1.65,-1.76,0.00119,0.0091,0.00929,390342320.0,3512442.7986999997
HMSTRUSDT,168,416046951.3630952,72289.8646470619,0.7378705711402076,2.53,-2.37,1.600000000000001e-05,0.000175,0.000181,69895887829.0,12144697.260706399
DIAUSDT,168,173103.04166666666,35002.77674047619,0.8393654846850236,3.01,-1.9,0.027700000000000002,0.2,0.2025,29081311.0,5880466.4924
EIGENUSDT,168,2347454.151785714,480147.88714124996,0.872739476859049,3.04,-2.96,0.0358,0.2138,0.2115,394372297.5,80664845.03973
COSUSDT,168,28612144.898809522,30424.35377601786,0.6221210511018922,1.42,-1.88,0.00011399999999999995,0.00106,0.0011,4806840343.0,5111291.434371
SCRUSDT,168,747328.2976190476,37130.401673750006,0.754751350312408,2.39,-1.89,0.00784,0.05233,0.05123,125551154.0,6237907.481190001
GOATUSDT,168,2850076.8035714286,64450.05760565476,0.8585255009524013,2.48,-2.72,0.00401,0.02232,0.02402,478812903.0,10827609.677749999
1000CATUSDT,168,23414091.94642857,42506.89186811905,0.729339162862735,2.06,-1.66,0.0002769999999999999,0.001844,0.001937,3933567447.0,7141157.8338440005
SAFEUSDT,168,534623.1369047619,55073.236431547615,0.8669141363252068,2.68,-2.52,0.019699999999999995,0.1016,0.1126,89816687.0,9252303.7205
MOODENGUSDT,168,28491223.291666668,1474794.1338224404,1.945458134515066,9.84,-6.43,0.022060000000000003,0.04576,0.05531,4786525513.0,247765414.48217
SANTOSUSDT,168,31207.025,60346.93568214287,0.6974358102637592,2.29,-1.54,0.20599999999999974,1.888,1.935,5242780.2,10138285.194600001
CETUSUSDT,168,2135649.654761905,34153.19759755952,0.7550834849802978,1.99,-2.81,0.0030300000000000014,0.01635,0.0172,358789142.0,5737737.196389999
COWUSDT,168,931928.9107142857,165991.26340714286,1.0732558811784703,4.38,-2.64,0.05249999999999999,0.1594,0.2095,156564057.0,27886532.2524
1000000MOGUSDT,168,342238.7345238095,57461.8362952381,0.9744210461124744,2.18,-2.35,0.022900000000000004,0.1698,0.1696,57496107.4,9653588.4976
DRIFTUSDT,168,1440449.6488095238,125356.10400535713,1.1288746964424508,4.58,-3.4,0.01949999999999999,0.0873,0.0948,241995541.0,21059825.4729
ACTUSDT,168,13257074.267857144,190757.8346672024,1.124696770273729,5.63,-3.86,0.0029300000000000003,0.01538,0.01488,2227188477.0,32047316.224090002
GRASSUSDT,168,1051954.9083333334,211878.96585636906,1.4248393973499827,6.02,-8.77,0.062200000000000005,0.1806,0.2024,176728424.60000002,35595666.26387
HIPPOUSDT,168,51862475.553571425,33630.0228651119,1.1427990399490993,6.77,-3.04,0.00010900000000000005,0.000681,0.0006775,8712895893.0,5649843.8413388
PNUTUSDT,168,6097627.994047619,290295.1111785715,0.9049630270171458,2.4,-2.33,0.008459999999999995,0.04913,0.04976,1024401503.0,48769578.678
AKTUSDT,168,175077.93869047618,55351.86707535716,0.9853879383669079,3.02,-3.21,0.041200000000000014,0.3204,0.3337,29413093.7,9299113.668660002
BANUSDT,168,3225223.0833333335,258667.92987886904,1.4281984350533345,8.69,-4.34,0.03135,0.06775,0.09562,541837478.0,43456212.21965
DEGENUSDT,168,31828340.67857143,22240.649985267857,0.9570675806891973,3.65,-2.57,0.00012300000000000006,0.000717,0.000741,5347161234.0,3736429.197525
1000WHYUSDT,168,2068350759.0595238,24737.848040644643,0.8649213881613103,2.56,-2.54,1.7999999999999997e-06,1.18e-05,1.29e-05,347482927522.0,4155958.4708283
SCRTUSDT,168,768607.8571428572,73231.49596488095,1.163666166827346,5.82,-3.14,0.0179,0.0962,0.0949,129126120.0,12302891.322099999
1000CHEEMSUSDT,168,126296599.32738096,65375.77736577916,0.8724786721529918,2.17,-2.21,0.00010959999999999995,0.0005206,0.0005016,21217828687.0,10983130.597450899
THEUSDT,168,771913.6422619048,208420.73114244046,1.0316363938570172,5.06,-2.7,0.02889999999999998,0.2549,0.2791,129681491.9,35014682.83193
CHILLGUYUSDT,168,4045593.535714286,42453.01818386905,1.152812920839014,4.61,-4.22,0.00247,0.01023,0.0113,679659714.0,7132107.05489
MORPHOUSDT,168,244411.3232142857,287806.80966523814,0.9198029331561194,5.29,-1.83,0.244,1.1417,1.2542,41061102.3,48351544.023760006
KAIAUSDT,168,3407163.4285714286,189456.23214839285,0.790686805997302,2.63,-2.51,0.006420000000000002,0.05399,0.05821,572403456.0,31828647.00093
AEROUSDT,168,771579.4136904762,233425.32777684522,0.9926092132999349,2.62,-5.04,0.05939999999999995,0.3195,0.3182,129625341.5,39215455.06651
ACXUSDT,168,762026.0357142858,28234.807597755953,0.7061670147515566,2.29,-1.87,0.004749999999999997,0.03848,0.03784,128020374.00000001,4743447.676423
ORCAUSDT,168,65499.97083333334,50200.358976190466,0.6576313767293709,1.93,-1.74,0.08500000000000008,0.778,0.803,11003995.100000001,8433660.307999998
MOVEUSDT,168,36676649.708333336,878672.5786293453,1.200165156810232,6.87,-5.44,0.00631,0.02277,0.02419,6161677151.0,147616993.20973
RAYSOLUSDT,168,218001.57083333336,129692.64688333332,0.9365278059605735,2.58,-2.46,0.09150000000000003,0.5904,0.6331,36624263.900000006,21788364.6764
KOMAUSDT,168,5500818.898809524,40713.10007113095,0.9512616878813682,6.52,-2.95,0.001680000000000001,0.00745,0.00789,924137575.0,6839800.81195
SPXUSDT,168,1527817.7976190476,445130.97729226184,1.1466380109946512,3.04,-2.93,0.04600000000000004,0.2834,0.3128,256673390.0,74782004.18509999
VIRTUALUSDT,168,2839891.713095238,1652639.9235982143,1.2636336604417988,5.59,-3.17,0.1613,0.5652,0.688,477101807.8,277643507.1645
AVAUSDT,168,126553.49702380953,27863.65467904762,0.7374469069346461,2.04,-1.87,0.029100000000000015,0.227,0.2295,21260987.5,4681093.98608
MEUSDT,168,16839837.97857143,2981311.291418869,1.6488084195710084,6.36,-8.63,0.0751,0.1391,0.1547,2829092780.4,500860296.95837
DEGOUSDT,168,88504.26011904761,28874.315855416662,0.7204459043620566,2.54,-1.63,0.04420000000000002,0.3306,0.3427,14868715.7,4850885.063709999
MOCAUSDT,168,7981743.857142857,129144.9463039881,1.0677949889550011,4.32,-3.36,0.00392,0.01495,0.01703,1340932968.0,21696350.97907
VELODROMEUSDT,168,2132977.5416666665,30089.757165297615,0.8446602074946428,2.96,-2.35,0.00226,0.01444,0.01495,358340227.0,5055079.20377
VANAUSDT,168,1001258.1601190475,1667098.849179226,1.8635492310063542,17.17,-5.68,0.47099999999999986,1.51,1.638,168211370.89999998,280072606.66211
PENGUUSDT,168,283922604.5714286,1809324.8384890775,0.9506638065490906,2.94,-2.18,0.0011879999999999998,0.006362,0.0069,47698997568.0,303966572.86616504
LUMIAUSDT,168,648093.619047619,42183.98492901191,0.766279343279021,2.26,-2.01,0.010839999999999995,0.0669,0.06792,108879728.0,7086909.468074
USUALUSDT,168,3761268.6785714286,56518.34488113095,0.8896785462162031,2.4,-2.85,0.002060000000000001,0.01541,0.01569,631893138.0,9495081.94003
AIXBTUSDT,168,7736486.892857143,155370.9236792857,0.9005985063615632,2.53,-1.85,0.003870000000000002,0.0209,0.02194,1299729798.0,26102315.17812
FARTCOINUSDT,168,10471820.017857144,1959553.2757380356,1.0324261887354316,3.4,-3.15,0.04250000000000001,0.193,0.1933,1759265763.0,329204950.32399
CGPTUSDT,168,1342501.125,28276.313462738093,0.7265288860532292,1.95,-2.29,0.003459999999999998,0.02102,0.02287,225540189.0,4750420.661739999
KMNOUSDT,168,1922638.9583333333,56288.35191946428,0.7487952018732799,3.13,-1.83,0.003930000000000003,0.02956,0.02957,323003345.0,9456443.122469999
HIVEUSDT,168,977675.2321428572,71581.38721404762,0.7226163039836601,2.32,-2.35,0.01328,0.07632,0.07535,164249439.0,12025673.051959999
PHAUSDT,168,1302527.488095238,34658.18804678571,0.7524597223323882,2.09,-2.14,0.0038600000000000023,0.02799,0.02704,218824618.0,5822575.59186
DEXEUSDT,168,19359.03744047619,41890.59781315477,0.8286509777772549,3.13,-2.01,0.48400000000000043,2.165,2.445,3252318.29,7037620.4326100005
GRIFFAINUSDT,168,5072200.005952381,47053.98567541667,1.03007034061531,3.76,-2.95,0.001939999999999999,0.0091,0.01015,852129601.0,7905069.59347
BIOUSDT,168,11148773.80357143,282683.22275071434,0.9415177561036513,4.57,-2.38,0.004789999999999999,0.02626,0.02495,1872993999.0,47490781.422120005
COOKIEUSDT,168,2700790.005952381,53083.66159,0.8258609642883779,3.0,-2.08,0.0030600000000000002,0.02046,0.02024,453732721.0,8918055.14712
ZEREBROUSDT,168,6081404.863095238,48724.3979710119,0.9209211428534118,3.8,-1.84,0.0010300000000000005,0.00788,0.00833,1021676017.0,8185698.85913
ALCHUSDT,168,11208656.970238095,886208.6287444641,3.682204571563543,23.07,-26.91,0.041170000000000005,0.08428,0.08426,1883054371.0,148883049.62906998
SWARMSUSDT,168,10741732.273809524,76710.6247010119,1.2593560082848216,6.66,-2.87,0.00181,0.00682,0.00756,1804611022.0,12887384.94977
DUSDT,168,3705437.1904761903,34942.77741529761,0.728631938437277,1.68,-2.14,0.002020000000000001,0.01045,0.00897,622513448.0,5870386.605769999
PROMUSDT,168,71252.2607142857,83521.32996011905,0.8602361045352902,2.38,-3.45,0.19499999999999984,1.194,1.171,11970379.799999999,14031583.4333
SONICUSDT,168,13290018.486904763,708146.1394647916,1.9800620745512332,7.56,-6.8,0.031200000000000006,0.04024,0.04995,2232723105.8,118968551.430085
SOLVUSDT,168,31807287.44642857,154642.88483595237,1.2525940690864157,4.07,-5.49,0.0013899999999999997,0.00548,0.00495,5343624291.0,25980004.65244
SUSDT,168,11588554.827380951,516224.4974729761,1.31967149132814,6.39,-3.15,0.01165,0.04525,0.04993,1946877211.0,86725715.57545999
ARCUSDT,168,59244495.86309524,4339767.032281309,3.005041358049355,14.41,-8.74,0.050440000000000006,0.07303,0.07734,9953075305.0,729080861.42326
AVAAIUSDT,168,6527914.029761905,47993.21069857143,0.8701926946240225,3.85,-2.57,0.0014799999999999995,0.00742,0.00789,1096689557.0,8062859.39736
MELANIAUSDT,168,586659.271845238,71145.21844231548,0.8467754444995856,3.23,-1.93,0.019600000000000006,0.1291,0.1199,98558757.67,11952396.698309
TRUMPUSDT,168,598459.3029761905,1979622.5219821427,0.7570630825618457,2.85,-2.55,0.40900000000000025,3.296,3.445,100541162.9,332576583.69299996
ANIMEUSDT,168,38673261.333333336,213391.19853539285,0.8768717891390775,2.39,-2.67,0.0007430000000000006,0.005427,0.005775,6497107904.0,35849721.353946
VINEUSDT,168,2653524.6785714286,49149.91708755953,0.8593933494036038,2.82,-2.41,0.002700000000000001,0.01893,0.01903,445792146.0,8257186.070710001
VTHOUSDT,168,231720111.4940476,145792.9420582613,1.620420092891072,17.37,-5.01,0.00021010000000000007,0.0005914,0.0006252,38928978731.0,24493214.2657879
BERAUSDT,168,23908507.377380952,17108375.141869348,4.2985999334595455,34.66,-12.12,0.9416999999999999,0.4489,0.6916,4016629239.4,2874207023.83405
PIPPINUSDT,168,63088842.053571425,23801682.621010177,3.494218931256236,15.17,-16.84,0.47822,0.1835,0.61926,10598925465.0,3998682680.32971
VVVUSDT,168,603136.9785119047,1554905.3751676786,1.8843985205977898,12.27,-6.37,1.483,1.887,2.806,101327012.39,261224103.02817
TSTUSDT,168,3838575.726190476,39121.120399345244,0.8051458729169647,2.37,-1.75,0.0018199999999999987,0.01051,0.01115,644880722.0,6572348.227090001
HEIUSDT,168,313563.7726190476,26772.34861672619,0.6739289546804308,1.8,-1.8,0.0116,0.0903,0.0878,52678713.8,4497754.56761
LAYERUSDT,168,2644116.2970238095,230340.29495833334,1.083701425149395,2.92,-3.72,0.019600000000000006,0.082,0.094,444211537.9,38697169.553
B3USDT,168,142802789.51785713,63537.85631383869,1.328919453552052,4.64,-10.68,0.0001429,0.000523,0.0004498,23990868639.0,10674359.8607249
IPUSDT,168,941071.4369047617,1115286.520214881,1.147461263403807,4.68,-3.47,0.2670000000000001,1.313,1.144,158100001.39999998,187368135.3961
GPSUSDT,168,465578328.6666667,5873856.854083958,3.213888309954513,11.25,-15.79,0.007693,0.009621,0.011121,78217159216.0,986807951.486105
KAITOUSDT,168,1957085.905952381,625303.5684557738,1.0734492000362452,4.4,-7.14,0.06839999999999996,0.3229,0.3308,328790432.2,105050999.50057
SHELLUSDT,168,1570018.9107142857,48769.28775886905,0.7276456379073226,1.89,-1.87,0.00307,0.03139,0.03207,263763177.0,8193240.343490001
REDUSDT,168,277297.86904761905,51493.12646071429,0.8089584469494029,2.12,-2.04,0.03040000000000001,0.1865,0.1933,46586042.0,8650845.2454
VICUSDT,168,744993.4821428572,40895.738203690475,0.9832486159395686,1.92,-6.57,0.008570000000000001,0.0572,0.05421,125158905.0,6870484.01822
EPICUSDT,168,255267.73452380951,76332.75286738096,0.9717044701317492,2.94,-3.38,0.05629999999999996,0.3065,0.2917,42884979.4,12823902.48172
MUBARAKUSDT,168,16981216.14285714,255472.90533630954,1.529324244698762,6.03,-5.82,0.00591,0.01318,0.01866,2852844312.0,42919448.0965
BMTUSDT,168,1430004.732142857,23947.143311130952,0.6741465366626247,1.86,-1.84,0.00179,0.01676,0.01758,240240795.0,4023120.07627
FORMUSDT,168,542931.5601190475,113955.98890988094,0.9272548850000667,4.79,-2.36,0.02839999999999998,0.216,0.2216,91212502.1,19144606.136859998
BROCCOLI714USDT,168,13850194.863095239,185607.1981314286,1.0966657853416844,5.31,-3.94,0.003130000000000001,0.01322,0.01488,2326832737.0,31182009.286080003
TUTUSDT,168,5456048.898809524,58865.86373321428,0.7910474061122077,2.21,-1.67,0.00213,0.01071,0.01187,916616215.0,9889465.10718
BROCCOLIF3BUSDT,168,5826404.821428572,22063.216375291668,0.6980562854825816,2.23,-1.66,0.0005579999999999999,0.003824,0.004128,978836010.0,3706620.3510490004
BRUSDT,168,368403.25595238095,21903.55833845238,1.1535493632469271,3.86,-5.04,0.008559999999999991,0.05539,0.05965,61891747.0,3679797.8008600003
BANANAS31USDT,168,332704938.79761904,1408487.2897422977,2.031190562509121,6.62,-16.56,0.001471,0.003566,0.004868,55894429718.0,236625864.67670602
SIRENUSDT,168,103902513.95833333,14208318.716168571,13.98769205596867,104.71,-49.18,0.33749,0.10693,0.12755,17455622345.0,2386997544.31632
PLUMEUSDT,168,14167763.517857144,157398.4481432143,0.9664558565104796,2.93,-2.94,0.0016500000000000004,0.01123,0.01176,2380184271.0,26442939.288060002
PARTIUSDT,168,3507572.511904762,359602.08045874996,1.0746272206618956,3.92,-2.35,0.019539999999999988,0.09662,0.11215,589272182.0,60413149.517069995
NILUSDT,168,18683455.52440476,1072892.625371756,2.1975375432335005,14.67,-8.06,0.02094,0.04593,0.05669,3138820528.1,180245961.062455
JELLYJELLYUSDT,168,4197962.732142857,243497.6807230357,0.7815139591152467,3.72,-2.67,0.009970000000000007,0.06032,0.05569,705257739.0,40907610.36147
MAVIAUSDT,168,1049337.244047619,40061.79416892857,1.1450391319207756,4.33,-3.73,0.008539999999999999,0.03892,0.0402,176288657.0,6730381.42038
WALUSDT,168,1410259.130952381,115899.59313511907,0.8183634485732181,2.33,-2.38,0.011900000000000008,0.0828,0.0845,236923534.0,19471131.646700002
FUNUSDT,168,55471301.47619048,72137.69161907144,1.0061993398384355,2.78,-2.89,0.00016700000000000005,0.001236,0.001295,9319178648.0,12119132.192004
PAXGUSDT,168,1976.5487142857144,9924348.1860725,0.31442036413616514,1.01,-2.1,238.92000000000007,4947.69,5025.64,332060.184,1667290495.26018
MLNUSDT,168,8650.279107142858,30920.772336904764,0.7444380879050289,2.2,-1.95,0.5350000000000001,3.561,3.75,1453246.8900000001,5194689.7526
ATHUSDT,168,29651242.68452381,183535.6936401786,1.2723239863355296,11.32,-2.91,0.0017399999999999994,0.00591,0.006507,4981408771.0,30833996.53155
GUNUSDT,168,10669085.529761905,300108.6378535714,1.0888781642332879,4.11,-3.2,0.006200000000000001,0.02759,0.02522,1792406369.0,50418251.15939999
FORTHUSDT,168,27370.616666666665,30322.80665238095,0.9086100522086591,3.08,-6.21,0.242,1.171,1.141,4598263.6,5094231.5176
BABYUSDT,168,5106557.18452381,69507.5117802381,0.8102624483732404,3.03,-2.05,0.0014600000000000012,0.01388,0.01396,857901607.0,11677261.97908
PROMPTUSDT,168,1038214.869047619,49096.997230059525,1.0279319153859112,2.65,-3.79,0.0066900000000000015,0.04875,0.04861,174420098.0,8248295.534650001
STOUSDT,168,1407720.0714285714,78452.5213657738,1.1114851076681176,4.55,-3.65,0.0114,0.05615,0.05536,236496972.0,13180023.58945
KERNELUSDT,168,4488648.178571428,272252.9473333333,1.234168707292897,3.27,-3.28,0.019740000000000008,0.05577,0.0687,754092894.0,45738495.151999995
FHEUSDT,168,33718055.74404762,2799382.8814051785,4.974716472097557,18.09,-25.2,0.12469,0.09372,0.04144,5664633365.0,470296324.07607
WCTUSDT,168,7270917.422619048,441254.14517065475,1.1027075302207694,3.86,-2.76,0.011790000000000009,0.05666,0.0665,1221514127.0,74130696.38867
INITUSDT,168,2511536.6726190476,173698.97228279762,1.103035897636244,4.05,-3.61,0.011800000000000005,0.0669,0.06907,421938161.0,29181427.343510002
AERGOUSDT,168,1105037.8988095238,63633.13057333334,0.8645464217714257,3.96,-3.95,0.008600000000000003,0.05428,0.05935,185646367.0,10690365.936320001
DEEPUSDT,168,17492170.94642857,481990.38533446426,1.4940749806357176,4.88,-4.94,0.009330000000000001,0.02522,0.02969,2938684719.0,80974384.73618999
BANKUSDT,168,7111357.833333333,259661.67103458339,1.6549551796669861,5.43,-4.64,0.01745,0.03186,0.04437,1194708116.0,43623160.73381001
HYPERUSDT,168,1293858.0297619049,127989.06957083332,0.7977570049524292,2.68,-2.88,0.017100000000000004,0.0971,0.1069,217368149.0,21502163.6879
SIGNUSDT,168,9072330.833333334,253273.48705369042,0.9415237318057705,3.63,-2.73,0.004710000000000002,0.03044,0.02853,1524151580.0,42549945.82501999
JSTUSDT,168,2948405.619047619,123455.13948519049,0.669487371930788,1.71,-1.94,0.004755000000000002,0.0402,0.042722,495332144.0,20740463.433512002
CTKUSDT,168,74923.125,15661.524379166669,0.6507505016719467,1.97,-2.58,0.02260000000000001,0.2083,0.2167,12587085.0,2631136.0957000004
PUNDIXUSDT,168,257001.15476190476,42752.003840476194,0.765608489184354,1.98,-1.82,0.022800000000000015,0.1657,0.176,43176194.0,7182336.6452
AIOTUSDT,168,2423256.363095238,80500.1070182143,1.7149217218217419,7.39,-6.21,0.014000000000000002,0.0332,0.03352,407107069.0,13524017.979060002
HAEDALUSDT,168,1161825.5476190476,31109.62197369048,0.7449006857635343,2.34,-2.09,0.0036900000000000023,0.02642,0.02875,195186692.0,5226416.49158
SXTUSDT,168,2767420.839285714,63663.74041452381,0.7408280895038267,2.03,-2.49,0.0032200000000000006,0.0232,0.02227,464926701.0,10695508.38964
DOLOUSDT,168,4824079.767857143,171534.01324529765,1.0252547723179937,3.8,-3.09,0.0064600000000000005,0.03392,0.03515,810445401.0,28817714.225210004
ASRUSDT,168,70522.55535714286,100779.64551547618,0.9621198140777497,4.65,-3.05,0.256,1.338,1.461,11847789.3,16930980.446599998
B2USDT,168,135542.95238095237,95470.0676857143,1.37094060936478,5.63,-8.18,0.13239999999999996,0.6817,0.6986,22771216.0,16038971.3712
ALPINEUSDT,168,127078.13095238095,54250.18478333334,0.7628248769166391,3.49,-2.04,0.053300000000000014,0.4137,0.4423,21349126.0,9114031.0436
DOODUSDT,168,21824049.68452381,81933.4123385625,0.899442814566452,3.48,-3.95,0.0007449999999999996,0.003802,0.003787,3666440347.0,13764813.2728785
OGUSDT,168,166143.68095238094,759247.1481095238,1.8307094113919948,7.81,-9.49,1.6909999999999998,3.59,5.01,27912138.4,127553520.88239999
SYRUPUSDT,168,1081896.142857143,297115.52724988095,0.9590740532591921,3.37,-2.44,0.03203,0.27288,0.27576,181758552.0,49915408.57798
ZKJUSDT,168,1932843.7220238093,48386.135877892855,1.3347163503743624,12.12,-3.65,0.0072499999999999995,0.02435,0.02618,324717745.29999995,8128870.827486
SKYAIUSDT,168,2153315.660714286,78341.06208279762,1.2716477243500246,5.43,-4.03,0.008829999999999998,0.03232,0.03983,361757031.0,13161298.42991
NXPCUSDT,168,657077.1369047619,181534.19556249998,0.9272329685919889,2.64,-2.52,0.07999999999999999,0.2947,0.2857,110388959.0,30497744.8545
AWEUSDT,168,4401913.392857143,362549.5665174405,1.2387999979191946,4.51,-2.93,0.027639999999999998,0.07408,0.0973,739521450.0,60908327.174930006
CVCUSDT,168,3374849.5,114023.0442639881,0.8617683107839039,2.22,-1.88,0.004909999999999998,0.03382,0.03531,566974716.0,19155871.43635
AGTUSDT,168,15295837.482142856,72480.17167029761,1.915827752149272,12.58,-6.63,0.0011450000000000002,0.004489,0.004654,2569700697.0,12176668.84061
SOONUSDT,168,634154.0238095238,111986.68335833334,1.3472953400759473,10.22,-3.35,0.045899999999999996,0.1698,0.1891,106537876.0,18813762.8042
BUSDT,168,1007406.0,154054.03711190476,1.3306239317559336,5.19,-5.84,0.03310000000000002,0.1434,0.1452,169244208.0,25881078.2348
AUSDT,168,1162137.8214285714,96685.75150535714,0.7057431112212242,2.15,-2.26,0.010599999999999998,0.0838,0.0886,195239154.0,16243206.2529
SOPHUSDT,168,14998663.80357143,145041.51871307738,0.9028679059073571,5.05,-2.53,0.0016810000000000002,0.009782,0.010008,2519775519.0,24366975.143797003
HUMAUSDT,168,12862227.63095238,170628.5512318512,1.124417512290111,4.68,-3.26,0.00196,0.013935,0.013066,2160854242.0,28665596.606951
MERLUSDT,168,9298632.464285715,486283.49740017863,1.6576844919840317,10.14,-4.23,0.01645,0.04895,0.05536,1562170254.0,81695627.56323001
HYPEUSDT,168,548704.07875,16970679.890741605,1.0694096490277727,2.72,-2.59,5.247000000000003,32.736,31.627,92182285.23,2851074221.64459
BDXNUSDT,168,2815714.101190476,33230.72134494047,1.018208057109164,3.15,-3.66,0.0026700000000000005,0.01279,0.01133,473039969.0,5582761.18595
PUFFERUSDT,168,1157474.630952381,37992.267918392856,1.0138614085774644,6.18,-2.62,0.0061300000000000035,0.03305,0.03399,194455738.0,6382701.01029
LAUSDT,168,15347295.955357144,4081564.2973576197,1.4965468474109256,6.11,-5.99,0.09920000000000001,0.287,0.2172,2578345720.5,685702801.9560801
1000000BOBUSDT,168,1551940.0297619049,20174.660407380954,0.7624836145616836,1.81,-2.16,0.0025000000000000005,0.01295,0.01433,260725925.0,3389342.9484400004
TAIKOUSDT,168,498449.13095238095,61510.058904761914,0.7168894488645765,1.95,-1.86,0.019899999999999987,0.1202,0.1302,83739454.0,10333689.896000002
RESOLVUSDT,168,20643081.101190478,1422044.9629358333,2.411216967730001,8.55,-20.73,0.036629999999999996,0.07712,0.06252,3468037625.0,238903553.77322
HOMEUSDT,168,4328463.446428572,121682.66300235713,0.7566371279354471,2.25,-2.02,0.0030580000000000017,0.027236,0.027199,727181859.0,20442687.384395998
SQDUSDT,168,1042793.4404761905,46274.870981428576,0.8687856661150618,2.77,-2.77,0.005269999999999997,0.04442,0.04562,175189298.0,7774178.32488
PUMPBTCUSDT,168,4078882.720238095,71952.91722315476,1.3299907582472505,8.17,-4.45,0.005639999999999999,0.01672,0.01752,685252297.0,12088090.093489999
SPKUSDT,168,4406200.785714285,97024.78573982144,0.7965810174522548,2.5,-1.95,0.0026799999999999984,0.02079,0.02268,740241732.0,16300164.004290001
MYXUSDT,168,323838.6845238095,1227392.6500714284,2.5509737143329336,10.64,-14.47,4.3839999999999995,6.594,2.409,54404899.0,206201965.21199998
FUSDT,168,137121974.29761904,879242.4571691843,1.5975981122924319,14.82,-4.89,0.0017739999999999995,0.005501,0.00645,23036491682.0,147712732.80442297
NEWTUSDT,168,1259182.1547619049,88446.69588678572,0.8618966505241642,2.54,-3.71,0.010770000000000002,0.0693,0.0752,211542602.0,14859044.90898
OLUSDT,168,2181964.630952381,26747.867749464287,0.9442239708806532,3.94,-3.14,0.0026300000000000004,0.01348,0.01277,366570058.0,4493641.78191
HUSDT,168,11730374.714285715,2116795.5574990474,2.272069221165062,12.78,-7.94,0.12330999999999999,0.12254,0.20835,1970702952.0,355621653.65984
ICNTUSDT,168,297671.1011904762,131040.3236482143,1.0082291573084918,4.21,-3.43,0.08899999999999997,0.4087,0.4588,50008745.0,22014774.3729
SAHARAUSDT,168,8458644.404761905,130787.13007833334,0.9427666163629411,2.56,-2.39,0.002270000000000001,0.01522,0.01652,1421052260.0,21972237.85316
BULLAUSDT,168,27650167.785714287,694001.5380138096,1.9155236645913183,11.23,-7.08,0.005390000000000002,0.0249,0.02447,4645228188.0,116592258.38632001
IDOLUSDT,168,5431760.81547619,101763.46223250001,1.5507695034705227,7.9,-5.75,0.006450000000000001,0.02041,0.02235,912535817.0,17096261.65506
MUSDT,168,509554.32738095237,744358.0203940475,2.103405950314006,7.85,-9.9,0.6494,1.6786,1.375,85605127.0,125052147.42619999
PUMPUSDT,168,1674151941.6904762,3357415.068070423,1.068139374992012,2.9,-3.39,0.0003839999999999998,0.001997,0.002124,281257526204.0,564045731.4358311
AINUSDT,168,1617571.4226190476,49391.245209583336,1.3117099547604782,8.54,-3.22,0.008590000000000004,0.02785,0.03503,271751999.0,8297729.1952100005
CROSSUSDT,168,269178.0535714286,27709.587748452384,0.7946730528379315,3.2,-3.14,0.013179999999999997,0.10343,0.10718,45221913.0,4655210.74174
CUSDT,168,793308.744047619,42517.25329291666,0.7441458222048122,2.91,-2.78,0.0053399999999999975,0.05438,0.05514,133275869.0,7142898.55321
ERAUSDT,168,713640.1785714285,112112.53099583334,0.8855566330438248,2.86,-2.31,0.026500000000000024,0.1535,0.1661,119891550.0,18834905.2073
TACUSDT,168,5885973.732142857,25018.314309922618,0.8404474211354241,3.31,-4.04,0.0005579999999999995,0.004255,0.004338,988843587.0,4203076.804067
VELVETUSDT,168,1673707.9583333333,162879.09919452382,1.7389483355755482,5.65,-7.72,0.05425000000000001,0.11818,0.07395,281182937.0,27363688.664680004
TAUSDT,168,1238620.3035714286,45826.07594071428,0.8400203141425967,3.76,-2.19,0.005989999999999995,0.03763,0.0369,208088211.0,7698780.75804
SLPUSDT,168,62783798.446428575,40181.387901783935,0.8365875581880059,2.45,-3.31,7.899999999999997e-05,0.000626,0.0006596,10547678139.0,6750473.167499701
CVXUSDT,168,57484.771428571425,107533.59331666667,1.0017398021273982,2.56,-2.53,0.32499999999999973,1.717,1.961,9657441.6,18065643.6772
ZORAUSDT,168,11035153.767857144,234734.98626744046,0.7189399468205274,2.41,-2.33,0.002870000000000001,0.02194,0.02186,1853905833.0,39435477.69293
TAGUSDT,168,506724919.96428573,161560.02657787618,1.6789343776411976,5.35,-8.11,0.0001449,0.0003223,0.0003779,85129786554.0,27142084.4650832
ESPORTSUSDT,168,262227.9404761905,102801.0112019643,1.2657354436404593,7.5,-5.74,0.09509000000000001,0.43274,0.35233,44054294.0,17270569.88193
TREEUSDT,168,2242028.238095238,156286.9244339881,1.0422919172825915,3.67,-2.59,0.015219999999999997,0.0674,0.0758,376660744.0,26256203.30491
A2ZUSDT,168,33596046.208333336,32246.745149797614,0.7760879919738479,2.1,-2.22,0.00014199999999999998,0.000998,0.000999,5644135763.0,5417453.185165999
TOWNSUSDT,168,16099342.529761905,63415.900027958334,0.8885804828213919,2.11,-4.97,0.0008939999999999998,0.004386,0.00388,2704689545.0,10653871.204697
PLAYUSDT,168,5641078.892857143,315023.14891976194,2.2871433158711114,5.63,-17.13,0.05431,0.08998,0.03804,947701254.0,52923889.018520005
NAORISUSDT,168,33194889.26190476,1050250.9014510121,2.7595448162100573,17.23,-17.03,0.02106,0.02174,0.03018,5576741396.0,176442151.44377002
ALLUSDT,168,143829.72023809524,66775.44165000001,0.5882657329550545,1.74,-1.63,0.04960000000000003,0.4611,0.4924,24163393.0,11218274.1972
INUSDT,168,5193051.601190476,319623.21329065476,1.4490039202818952,6.99,-3.77,0.0175,0.05619,0.06759,872432669.0,53696699.832830004
PROVEUSDT,168,798175.3535714286,261374.52271886906,0.9675795008851826,2.84,-3.4,0.0529,0.328,0.3345,134093459.4,43910919.81677
XNYUSDT,168,52046264.0,276396.2220430179,2.590375189710431,9.41,-6.84,0.0023729999999999992,0.004653,0.006503,8743772352.0,46434565.30322701
CARVUSDT,168,714170.4761904762,46166.08244351191,1.1053730643955928,3.12,-4.67,0.010919999999999992,0.064,0.06962,119980640.0,7755901.85051
AIOUSDT,168,12560756.702380951,1024201.7622100001,3.3466460362644392,24.38,-15.77,0.04565999999999999,0.07253,0.07841,2110207126.0,172065896.05128002
USELESSUSDT,168,7268675.791666667,238399.62044946427,1.4772179814721713,4.44,-3.63,0.00733,0.0325,0.03465,1221137533.0,40051136.23551
SAPIENUSDT,168,2079141.869047619,177430.8753022024,1.0984515827605845,3.81,-2.14,0.01765,0.08131,0.09151,349295834.0,29808387.050770003
DAMUSDT,168,2623888.0714285714,41332.55785755952,1.099408295052439,3.79,-3.38,0.00489,0.0151,0.01807,440813196.0,6943869.72007
XPLUSDT,168,29022668.43452381,2518981.246860714,1.3573097403510306,4.56,-3.26,0.0267,0.0798,0.0977,4875808297.0,423188849.4726
WLFIUSDT,168,37246919.48809524,3908517.8793220236,1.1899871549723318,6.01,-2.58,0.01759999999999999,0.1005,0.1038,6257482474.0,656631003.7261
SOMIUSDT,168,3727074.636904762,674884.936622619,1.2019325221712183,4.01,-3.74,0.044999999999999984,0.1767,0.1949,626148539.0,113380669.35260001
BASUSDT,168,61728614.75595238,278873.6150685119,2.1933163990512874,7.37,-8.95,0.003344,0.003,0.00585,10370407279.0,46850767.33151
MITOUSDT,168,681961.7916666666,29929.944632738097,0.6990232298753255,1.52,-1.62,0.004929999999999997,0.04483,0.04465,114569581.0,5028230.6983
BTRUSDT,168,12957805.607142856,1784909.9600404168,3.0090339309257077,25.33,-9.17,0.08494000000000002,0.08833,0.16653,2176911342.0,299864873.28679
LINEAUSDT,168,321953596.4404762,1146919.942866655,1.7420504674240014,11.05,-4.78,0.001287,0.003293,0.003725,54088204202.0,192682550.40159804
HEMIUSDT,168,11534448.541666666,130255.94760988097,0.9869093487913059,2.72,-2.42,0.0032700000000000003,0.01172,0.0102,1937787355.0,21882999.19846
QUSDT,168,12950924.732142856,254001.70964228574,1.5334506458420933,7.25,-6.47,0.007217000000000001,0.017993,0.020018,2175755355.0,42672287.219904006
TAKEUSDT,168,122808571.46428572,4936247.344018334,4.977285989350922,28.13,-28.04,0.0449,0.01854,0.05574,20631840006.0,829289553.7950801
ARIAUSDT,168,826459.7976190476,56001.27564190476,1.1117072519202418,5.36,-5.01,0.016029999999999996,0.06209,0.06976,138845246.0,9408214.307839999
OPENUSDT,168,1852596.7976190476,315650.30037440476,1.3033599937509674,2.73,-5.91,0.04390000000000002,0.1595,0.1724,311236262.0,53029250.4629
PTBUSDT,168,835417901.8511904,1386081.7848760295,3.0059755234042393,12.73,-12.43,0.0008130000000000001,0.001342,0.001412,140350207511.0,232861739.85917297
FLOCKUSDT,168,1284223.8095238095,78040.0788465476,1.1899847827379935,3.4,-4.02,0.012489999999999994,0.0582,0.06404,215749600.0,13110733.246219998
AVNTUSDT,168,2646764.660714286,516112.7147307738,0.9145378272950029,2.54,-2.47,0.03470000000000001,0.1966,0.2046,444656463.0,86706936.07477
SKYUSDT,168,4700726.101190476,316322.81755226187,0.7955410357957757,2.92,-3.64,0.008390000000000009,0.06334,0.0687,789721985.0,53142233.34878
HOLOUSDT,168,1698633.5297619049,101143.93049470238,0.7610674054680119,1.75,-2.31,0.0076999999999999985,0.06003,0.06273,285370433.0,16992180.32311
XPINUSDT,168,67069495.303571425,114565.43680076784,1.5044642389024403,5.67,-12.06,0.0008550000000000001,0.002192,0.00152,11267675211.0,19246993.382528998
UBUSDT,168,3981712.7678571427,159895.1411107738,1.7889205388915983,8.04,-4.91,0.016330000000000004,0.03338,0.04674,668927745.0,26862383.70661
ZKCUSDT,168,6619798.988095238,656151.2614809524,1.49523771990818,10.03,-4.21,0.032200000000000006,0.0852,0.1015,1112126230.0,110233411.9288
TOSHIUSDT,168,3216937151.0654764,759177.0609369173,2.0489188000542757,11.28,-6.62,9.15e-05,0.0001891,0.0002417,540445441379.0,127541746.23740211
STBLUSDT,168,3799712.505952381,161191.33910339285,1.883170736197582,6.95,-7.6,0.012139999999999998,0.03971,0.04182,638351701.0,27080144.96937
BARDUSDT,168,301385.875,242924.8769166667,0.6599500304030811,2.13,-2.05,0.10870000000000002,0.7623,0.8029,50632827.0,40811379.322000004
0GUSDT,168,4461358.291666667,2839177.1465178574,1.855355675352961,13.04,-10.39,0.2731,0.5203,0.6234,749508193.0,476981760.61500007
ASTERUSDT,168,15541154.535714285,10163517.665189287,1.174139473702708,4.07,-2.2,0.23039999999999994,0.539,0.7158,2610913962.0,1707470967.7518
FLUIDUSDT,168,28506.561309523808,64671.9108702381,0.8582095539187449,2.37,-2.11,0.42799999999999994,2.294,2.367,4789102.3,10864881.0262
TRADOORUSDT,168,602419.5595238095,763396.6724642857,1.7601956195804462,5.1,-7.5,0.30400000000000005,1.19,1.328,101206486.0,128250640.974
BLESSUSDT,168,72179866.9345238,437473.11091129755,2.530252001772195,14.7,-15.39,0.0029070000000000007,0.00489,0.005971,12126217645.0,73495482.63309799
COAIUSDT,168,1096084.6607142857,387697.9522642857,1.8082929863215784,11.63,-5.86,0.17370000000000002,0.3029,0.45,184142223.0,65133255.980399996
MIRAUSDT,168,1295817.3273809524,114622.65482738095,0.8768184818583118,2.0,-3.15,0.014799999999999994,0.0899,0.0943,217697311.0,19256606.011
HANAUSDT,168,4967950.607142857,173546.7215102381,1.5199237115139546,6.5,-8.16,0.007980000000000001,0.03602,0.03574,834615702.0,29155849.21372
AKEUSDT,168,856626899.4226191,242189.45823000176,2.005202383359871,8.66,-9.05,0.00013920000000000002,0.0002057,0.0002772,143913319103.0,40687828.982640296
ORDERUSDT,168,964538.0,55085.63080017857,0.8646210339587187,2.04,-2.55,0.008199999999999999,0.05666,0.06071,162042384.0,9254385.97443
LIGHTUSDT,168,961403.880952381,223810.90937857144,1.3151794739728961,4.78,-3.56,0.03409999999999999,0.2275,0.245,161515852.0,37600232.7756
VFYUSDT,168,1049522.0238095238,19204.330803035715,0.6941191289158433,2.65,-1.84,0.002859999999999998,0.01898,0.01964,176319700.0,3226327.57491
XANUSDT,168,8451403.898809524,65232.08025827381,1.0495334347067924,3.38,-2.61,0.0017499999999999998,0.00745,0.0081,1419835855.0,10958989.48339
FFUSDT,168,2179351.404761905,174917.36807321428,0.6813319089022579,2.5,-2.54,0.006570000000000006,0.07952,0.08039,366131036.0,29386117.8363
TRUTHUSDT,168,22868401.01190476,333807.03249391663,1.6167094395377621,7.41,-8.44,0.004440999999999999,0.013338,0.01507,3841891370.0,56079581.458978
NOMUSDT,168,72197076.71428572,430409.34610988095,1.181885468788949,2.24,-5.85,0.0016880000000000003,0.006024,0.005482,12129108888.0,72308770.14646
EDENUSDT,168,3354010.410714286,107929.98098869047,0.9945006183494047,4.34,-3.01,0.005969999999999996,0.03465,0.03412,563473749.0,18132236.8061
2ZUSDT,168,3784815.1666666665,305466.7146203571,0.9402278373271944,2.54,-2.38,0.025840000000000002,0.09256,0.07917,635848948.0,51318408.056219995
EVAAUSDT,168,113222.96428571429,56437.40404875,0.9424546434278596,3.84,-3.27,0.0978,0.4781,0.5346,19021458.0,9481483.88019
LYNUSDT,168,2337734.363095238,398920.8955039286,1.4329331562008467,6.35,-3.8,0.08792,0.13378,0.2133,392739373.0,67018710.44466001
KGENUSDT,168,414639.8511904762,70958.3412714881,0.9493632101071096,3.41,-3.68,0.024510000000000004,0.1743,0.17631,69659495.0,11921001.33361
4USDT,168,23960238.38095238,234240.17350238096,1.3809355544042365,4.59,-3.41,0.0027800000000000012,0.00998,0.01037,4025320048.0,39352349.1484
GIGGLEUSDT,168,16860.69,521933.5782357143,0.9761355388715622,2.26,-2.89,3.860000000000003,31.46,32.17,2832595.92,87684841.1436
MONUSDT,168,74078197.17261904,1459617.3511597025,1.9498934181206482,17.37,-4.33,0.007869999999999999,0.01779,0.02415,12445137125.0,245215714.99483
YBUSDT,168,1051916.7857142857,185289.31348988094,1.211451477093318,5.63,-3.23,0.051700000000000024,0.1622,0.1721,176722020.0,31128604.6663
METUSDT,168,1049477.4702380951,223684.18711607144,0.7941298749829664,2.35,-2.06,0.0247,0.2082,0.2221,176312215.0,37578943.4355
ENSOUSDT,168,938935.1833333333,1195500.8028014284,1.271370943001187,6.45,-4.82,0.2939999999999998,1.3497,1.1562,157741110.8,200844134.87063998
EULUSDT,168,375343.68511904764,350390.0519547619,1.3895583925750727,5.91,-5.57,0.356,0.873,0.97,63057739.10000001,58865528.7284
CLOUSDT,168,37251114.309523806,3372029.2246697615,3.405575553874975,12.57,-17.82,0.06723000000000001,0.0586,0.08343,6258187204.0,566500909.74452
ZBTUSDT,168,3663609.1785714286,260139.11586279763,1.2540645238799228,3.34,-7.01,0.017600000000000005,0.0648,0.07578,615486342.0,43703371.46495
RECALLUSDT,168,6103130.005952381,315175.1524694643,1.9715677685709574,14.48,-6.88,0.018340000000000002,0.0461,0.05423,1025325841.0,52949425.614870004
LABUSDT,168,338954.02976190473,40711.58527464286,0.7801539054546732,2.79,-1.97,0.022150000000000003,0.12488,0.13223,56944277.0,6839546.32614
USDT,168,15126704.095238095,1474727.583088155,1.5832474114876427,4.94,-7.36,0.02199000000000001,0.09251,0.10264,2541286288.0,247754233.95881003
RIVERUSDT,168,1019314.4226190476,17290213.212519046,3.116370994340301,10.76,-12.13,12.009,13.173,14.176,171244823.0,2904755819.7032
APRUSDT,168,1627934.9761904762,143273.4135632143,1.8440324522790956,8.95,-6.67,0.03423,0.08077,0.09298,273493076.0,24069933.47862
TURTLEUSDT,168,1236291.1547619049,51397.186992916664,0.690181287991567,2.43,-1.87,0.0054499999999999965,0.04196,0.0426,207696914.0,8634727.41481
BLUAIUSDT,168,21638060.14285714,135711.21320005358,2.010295463184802,6.54,-10.17,0.002706,0.005324,0.00582,3635194104.0,22799483.817609
ONUSDT,168,1453743.4642857143,108919.63828791666,1.488326287338223,5.77,-3.63,0.030299999999999994,0.0658,0.08911,244228902.0,18298499.23237
KITEUSDT,168,13703031.095238095,2595409.018600238,1.7745198228404875,6.0,-4.31,0.1006,0.14411,0.20634,2302109224.0,436028715.12484
ATUSDT,168,1121162.0833333333,179728.38066922617,0.4734896598039501,1.92,-1.69,0.011119999999999991,0.16011,0.15972,188355230.0,30194367.95243
CCUSDT,168,3072931.3571428573,509590.48451660713,0.8468442568286322,3.0,-2.08,0.021699999999999997,0.17206,0.16324,516252468.0,85611201.39879
MMTUSDT,168,1149385.0892857143,148603.5529119048,0.8819342430034316,4.41,-1.79,0.022199999999999998,0.1329,0.1366,193096695.0,24965396.889200002
TRUSTUSDT,168,1303609.0654761905,99284.23857440476,1.131534381411338,4.07,-2.23,0.015399999999999997,0.0712,0.0808,219006323.0,16679752.080500001
UAIUSDT,168,708584.3035714285,167984.5307904762,1.136333491149526,3.55,-4.05,0.044899999999999995,0.2211,0.2407,119042163.0,28221401.1728
FOLKSUSDT,168,143044.60773809525,209001.1463315476,1.5572452106641068,7.99,-8.2,0.371,1.368,1.429,24031494.1,35112192.5837
ALLOUSDT,168,9189089.791666666,672051.2185752976,2.2032677600226647,7.9,-9.58,0.03537,0.0543,0.08145,1543767085.0,112904604.72065
JCTUSDT,168,50324898.61904762,70528.08361847619,1.7768750101864006,10.84,-7.93,0.00043599999999999997,0.001251,0.001466,8454582968.0,11848718.047904
STABLEUSDT,168,78899599.30357143,1649914.9196491844,1.9690001573432914,8.66,-3.97,0.009659000000000001,0.016211,0.023878,13255132683.0,277185706.501063
CLANKERUSDT,168,16067.573154761905,569410.9247130952,2.5755956813468326,13.26,-12.28,15.18,28.55,35.13,2699352.29,95661035.3518
BEATUSDT,168,4417444.547619048,989943.474972619,2.0903356917265885,6.83,-4.92,0.10110000000000002,0.1832,0.2773,742130684.0,166310503.7954
PIEVERSEUSDT,168,562309.7202380953,233473.94101964287,1.0038075342755022,3.11,-4.12,0.08849999999999997,0.4331,0.4235,94468033.0,39223622.0913
IRYSUSDT,168,2956358.738095238,140993.70922179168,1.5162623338087933,9.29,-3.25,0.013850000000000001,0.049441,0.04256,496668268.0,23686943.149261
SENTUSDT,168,66963493.2797619,1741573.224000595,1.1952824873438488,6.68,-3.83,0.00791,0.02867,0.02262,11249866871.0,292584301.6321
BOBUSDT,168,6945379.136904762,48312.1115037619,0.9952314000447411,6.65,-2.46,0.0012250000000000004,0.006765,0.006717,1166823695.0,8116434.732632
RLSUSDT,168,11175818.327380951,58961.58244497025,1.0104956407512051,5.41,-4.86,0.0013310000000000006,0.005742,0.005295,1877537479.0,9905545.850755002
POWERUSDT,168,24870467.98809524,8690672.238126488,3.97344657897858,12.45,-24.65,0.30744000000000005,0.20519,0.27448,4178238622.0,1460032936.00525
WETUSDT,168,1782029.136904762,140822.43281857143,1.2411333304561618,3.39,-6.5,0.021070000000000005,0.07424,0.08498,299380895.0,23658168.713519998
NIGHTUSDT,168,4925131.386904762,256972.68127482146,0.9880736468760736,5.37,-1.66,0.011309999999999994,0.05306,0.05649,827422073.0,43171410.45417
CYSUSDT,168,1026801.9285714285,416640.59091607144,2.0759160728087926,6.09,-7.22,0.1345,0.3725,0.4568,172502724.0,69995619.2739
USUSDT,168,13853474.476190476,57602.11478364286,1.296055110771463,6.49,-4.12,0.0006999999999999997,0.004,0.004369,2327383712.0,9677155.283652
ZKPUSDT,168,40162641.77380952,4179964.9254676783,2.026689918900724,12.03,-3.96,0.055360000000000006,0.07667,0.09145,6747323818.0,702234107.47857
GUAUSDT,168,423547.14285714284,63320.48513244048,1.0417651062696445,3.0,-6.68,0.031170000000000003,0.15575,0.14096,71155920.0,10637841.50225
RAVEUSDT,168,416977.79761904763,150848.6995080357,1.001943817587278,5.92,-2.3,0.04750000000000004,0.35891,0.36477,70052270.0,25342581.51735
LITUSDT,168,814470.6696428572,1238585.3931958333,1.248504094927165,3.69,-3.09,0.41500000000000004,1.642,1.624,136831072.5,208082346.0569
IRUSDT,168,1134380.8035714286,75299.5733872619,1.3903702776021445,4.6,-6.91,0.019240000000000007,0.06092,0.0646,190575975.0,12650328.32906
MAGMAUSDT,168,786310.375,82247.2848332738,1.1103119945599786,2.8,-4.57,0.023400000000000004,0.10057,0.10259,132100143.0,13817543.85199
COLLECTUSDT,168,13146208.82142857,837861.1319246431,3.085768231665362,14.66,-9.76,0.0344,0.05382,0.07942,2208563082.0,140760670.16334003
BREVUSDT,168,6590031.672619048,1057341.910460119,1.6068466596488757,7.72,-7.41,0.0499,0.1415,0.1464,1107125321.0,177633440.95729998
FRAXUSDT,168,545220.125,374412.4326029762,1.0583740761462623,3.33,-4.57,0.1674,0.7498,0.6314,91596981.0,62901288.677300006
ZAMAUSDT,168,162992322.0892857,3367616.1253323215,1.8423721542323146,5.36,-7.92,0.01455,0.029,0.0193,27382710111.0,565759509.05583
FOGOUSDT,168,26201296.708333332,575036.8586610119,1.1476920329181186,4.5,-2.66,0.004740000000000001,0.02375,0.02255,4401817847.0,96606192.25505
ACUUSDT,168,6451104.845238095,745369.239846012,2.8195671748199094,11.86,-9.03,0.05063999999999999,0.09677,0.11809,1083785614.0,125222032.29413001
AIAUSDT,168,3802238.9583333335,452305.1973957143,1.9104463027165037,8.81,-8.51,0.059079999999999994,0.09918,0.1312,638776145.0,75987273.16248
SPORTFUNUSDT,168,2325175.6785714286,78435.01901041667,1.1725712025197508,4.39,-3.19,0.008320000000000001,0.03362,0.03519,390629514.0,13177083.193750001
USDT,168,138559535.48214287,2939566.0848893095,3.4844083833772967,17.48,-17.29,0.011007,0.020647,0.025598,23278001961.0,493847102.261404
SKRUSDT,168,47295169.0297619,1147240.9235283989,1.968584008078755,5.4,-6.79,0.007449000000000001,0.023231,0.023274,7945588397.0,192736475.152771
ELSAUSDT,168,5537298.255952381,474150.2312769047,1.5897827365895085,7.13,-4.56,0.023330000000000004,0.07559,0.08335,930266107.0,79657238.85452
SPACEUSDT,168,254363743.8690476,1551729.7840068273,2.5228267198799172,11.51,-6.14,0.004724000000000001,0.005021,0.00857,42733108970.0,260690603.71314698
BIRBUSDT,168,13100395.047619049,3060928.973903869,1.5362351216582224,4.4,-5.78,0.061350000000000016,0.24711,0.20332,2200866368.0,514236067.61585
FIGHTUSDT,168,159623145.17857143,1170085.117905125,2.557367418192755,10.37,-15.02,0.0027289999999999997,0.006134,0.006323,26816688390.0,196574299.808061
INXUSDT,168,25534278.970238097,325260.9340211488,1.4233497327750142,5.19,-3.03,0.004581,0.011784,0.014681,4289758867.0,54643836.915552996
MEGAUSDT,168,871780.6607142857,111968.42039291667,1.365438918017431,5.39,-3.23,0.024539999999999992,0.13288,0.13028,146459151.0,18810694.62601
GWEIUSDT,168,9734194.69047619,267135.0560752738,1.3166697874557407,4.33,-4.49,0.00476,0.027668,0.026072,1635344708.0,44878689.420646
ESPUSDT,99,37805101.60606061,2617557.9633029294,2.9263470488123526,9.28,-9.47,0.04377,0.08771,0.06015,3742705059.0,259138238.36699
TRIAUSDT,168,114603883.75595239,1929745.938341012,2.914697512185305,9.06,-9.75,0.007929999999999998,0.02014,0.01804,19253452471.0,324197317.64129
AZTECUSDT,79,164468383.65822786,3904074.3011473417,4.99696510295817,13.55,-23.97,0.014930000000000002,0.0203,0.02233,12993002309.0,308421869.79064
